-2.52282751937607,1
-1.43500848181315,1
-3.63864001366281,1
-3.97264393312842,1
-2.90955384676422,1
-2.81158521735607,1
-2.47714375173941,1
-2.49531559294309,1
-4.4254207169913,1
-3.20340609316955,1
-3.24064949110669,1
-5.34289670646364,1
-4.31507642933608,1
-2.22803728178693,1
-4.10061897535574,1
-2.75726259076046,1
-4.75902685951531,1
-2.70531266721506,1
-2.11846681733612,1
-1.85817498502179,1
-3.43527628407519,1
-3.98019523349805,1
-2.21574620654565,1
-3.04480207721394,1
-2.94250390609905,1
-1.77108305197577,1
-1.17372072409314,1
-3.87513123475167,1
-3.48933198714627,1
-2.9151108156474,1
-2.3287879113289,1
-1.65780387984393,1
-2.43229671477643,1
-3.42854918346601,1
-1.99762736082252,1
-2.418488468638,1
-3.16202803154873,1
-2.40626017401141,1
-2.79828058854241,1
-1.1764848119752,1
-3.25082534549129,1
-1.73300970741579,1
-1.81366178475861,1
-3.53306390069473,1
-2.31969896481685,1
-2.10155321378393,1
-1.36270831424889,1
-4.29659794000111,1
-3.80619496638067,1
-2.83911517882172,1
-5.36622067174187,1
-4.52650376157518,1
-4.8083222020924,1
-2.3002103933083,1
-3.63025456773795,1
0.00204994176135642,1
-2.18847606465169,1
-2.18526720422696,1
-3.15989658733734,1
-3.31270454101774,1
-2.1852179217553,1
-1.8200320569625,1
-1.54071786031955,1
-1.62474048933432,1
-1.90740793808317,1
-3.02478425053078,1
-3.0261314191394,1
-3.87914894181574,1
-3.1344390263416,1
-2.60743818851765,1
-4.39124843800747,1
-3.40838823823913,1
-3.40759894083374,1
-2.90625045758238,1
-3.32693087147691,1
-3.32310021114863,1
-4.30881141205465,1
-4.15875657608571,1
-4.29449763645433,1
-2.69163191359038,1
-2.56762438818903,1
-4.87302487712988,1
-4.12350149931258,1
-3.36929298765886,1
-2.45679230420637,1
-2.79089543733633,1
-2.13946318991906,1
-4.35269533891595,1
-3.65608424510865,1
-4.35104686473287,1
-2.9103965000154,1
-3.81471116321814,1
-2.23773072017055,1
-4.68940218662584,1
-2.91931730387812,1
-5.1623103522869,1
-3.90915447707978,1
-3.07867861872694,1
-2.60185364406634,1
-2.66786629649342,1
-4.75787052503363,1
-2.52744202864969,1
-2.20051553284717,1
-3.79839131100536,1
-1.9839381127058,1
-3.56234738558007,1
-3.84779609352801,1
-2.81300479443382,1
-2.34317921234677,1
-2.5376465094282,1
-2.70224057107348,1
-2.40844064951455,1
-3.3104969184635,1
-2.31367585799349,1
-2.37774217160098,1
-4.56015032015084,1
-3.57907525707243,1
-2.05592660282574,1
-3.3615728920555,1
-3.61596831985841,1
-3.25691340904836,1
-2.07170149278643,1
-4.25643548178321,1
-2.21914853712617,1
-2.20002925848737,1
-2.49009610412836,1
-3.65111348905796,1
-4.12904468180042,1
-2.08953074450753,1
-2.58980834591233,1
-2.87783719011604,1
-2.81908806190867,1
-2.59213341691844,1
-2.63418799357681,1
-1.80290725062003,1
-2.3373144125106,1
-2.91252707173643,1
-2.02086981041261,1
-1.10334027230255,1
-2.74781933697934,1
-2.01137688841669,1
-4.09109425961063,1
-1.85085747053589,1
-3.56756745664104,1
-3.33694685251958,1
-2.31587249625767,1
-3.40717208564799,1
-5.17960280048213,1
-4.98520529736381,1
-4.38516934741558,1
-2.45378637320221,1
-3.49809964195675,1
-3.33224611064734,1
-4.07546235211737,1
-1.12175986233808,1
-3.24180907813364,1
-3.8065746285998,1
-2.7415256186584,1
-4.57179232604639,1
-3.52220133813256,1
-2.90101759535989,1
-0.910288193363004,1
-2.70127205423399,1
-2.68656965174246,1
-2.22141513114639,1
-1.96037101084893,1
-3.53543393936005,1
-2.64309022139232,1
-4.69478750959301,1
-2.52540415006065,1
-4.13220637834835,1
-3.16203140500251,1
-2.7938860222874,1
-3.8455834758089,1
-1.72336258724914,1
-3.51551324929927,1
-3.63192905080373,1
-2.32182100917442,1
-1.6813880715713,1
-2.82255266409463,1
-4.05262820092065,1
-1.95815332356474,1
-3.7542547498784,1
-5.02535814736709,1
-3.99381322160919,1
-1.4582592977731,1
-0.940366791161334,1
-2.78440561725936,1
-2.90754730964813,1
-4.78014935879691,1
-4.79655728639417,1
-2.25002181892604,1
-3.24970713668545,1
-3.78048668233519,1
-3.52223224534819,1
-3.47277442989046,1
-3.12407896973391,1
-4.09285851891197,1
-2.79096222309233,1
-2.72168146059004,1
-2.17474925475326,1
-3.50230257939154,1
-1.41114162037395,1
-3.33144632202881,1
-2.46317974682157,1
-3.45739986521672,1
-1.2926617961106,1
-3.47673615897124,1
-2.07187113535752,1
-3.35640706430774,1
-2.05509858294662,1
-1.90883995843046,1
-3.15975553927845,1
-3.3339947806894,1
-3.56206112261721,1
-3.19080166182495,1
-3.43256297660105,1
-4.88027510605712,1
-3.27137719769583,1
-2.70861761801465,1
-3.75275708170077,1
-3.64402337994796,1
-3.60683981767507,1
-3.03994165444608,1
-3.81843830275682,1
-4.24489392311688,1
-1.45677017593885,1
-3.55739948114025,1
-2.45836555029828,1
-4.17191523910027,1
-1.02362093326545,1
-2.99073952411659,1
-1.83508272360657,1
-2.22873134520681,1
-3.00831825985377,1
-2.68522359308543,1
-3.62206572228406,1
-2.88697238008722,1
-2.14417153964426,1
-3.53551405359473,1
-3.56984797184828,1
-3.2048430485929,1
-2.23956297301975,1
-3.98510604724481,1
-4.05104682537323,1
-3.29088583801441,1
-3.26484101104948,1
-2.30986993383347,1
-1.9226082375948,1
-4.06652814090852,1
-4.90460662118514,1
-4.57078992270134,1
-4.19828557022183,1
-4.28939259352732,1
-3.08752399577281,1
-3.41260436463731,1
-1.39493953448161,1
-2.26189659444049,1
-3.02605550754455,1
-4.23875580771851,1
-2.84300018529421,1
-2.65367063069169,1
-2.55541241167627,1
-3.3676176906269,1
-4.00165014442018,1
-1.43203035915744,1
-3.54957781211351,1
-2.95656348912018,1
-2.30647723191541,1
-2.97363939681422,1
-3.76754297340318,1
-1.3643543885245,1
-5.78654739191714,1
-2.52959449026752,1
-1.49415118007788,1
-3.1339037753991,1
-3.11311177403082,1
-3.61749523797053,1
-0.568080452562536,1
-1.37772693884983,1
-3.03338395688153,1
-3.25417328558303,1
-3.81862434847871,1
-1.46253464514146,1
-4.60648616583061,1
-3.86621729558015,1
-3.43836513417604,1
-4.08958632329993,1
-4.22077484335282,1
-2.2925658784193,1
-3.06986402696398,1
-3.48631217499429,1
-3.25662262714415,1
-3.1069837066153,1
-3.94886955073013,1
-3.21128248100572,1
-3.86031194207792,1
-2.19126821441025,1
-2.51075422078023,1
-3.34718915962109,1
-2.66883758214981,1
-3.85171963359754,1
-3.61064882984504,1
-3.62117705032279,1
-2.79295208157605,1
-2.94656601605427,1
-5.02797865967682,1
-3.98028655015006,1
-3.48799243976128,1
-3.2152569952991,1
-3.51344604337117,1
-2.34560602336634,1
-1.70413170504404,1
-1.99285859888093,1
-2.61305361545464,1
-1.91746721373551,1
-1.81738166408029,1
-2.44517218504304,1
-1.00442081061302,1
-3.25286494183828,1
-2.65197949788045,1
-3.45511343954083,1
-3.63570741680725,1
-3.97985656678105,1
-3.76149203320906,1
-4.28354682582343,1
-3.3012503002958,1
-3.70723176549076,1
-1.44297383732603,1
-2.47206670016216,1
-4.93426216622645,1
-1.83130872862041,1
-3.53418183729029,1
-4.57792674948187,1
-2.46882837235456,1
-1.77488478304304,1
-2.70831422643918,1
-2.5960744592213,1
-3.79831266998346,1
-3.14949182493748,1
-3.0983108997022,1
-3.2310402062017,1
-2.26680921634954,1
-3.77298181518099,1
-3.32230526100367,1
-3.44751897919159,1
-2.58499376057151,1
-1.74091286236408,1
-1.22359181101557,1
-0.908392361816393,1
-4.00456650796643,1
-3.73112597068625,1
-1.05789916810115,1
-2.62464001034875,1
-3.55278795613379,1
-1.59882452157152,1
-4.55372072838354,1
-3.46397703360069,1
-3.9377230843499,1
-1.88106278370795,1
-1.04319325534279,1
-2.25811534182936,1
-1.50290166738865,1
-1.43649964885086,1
-2.30339548224838,1
-3.50850461909379,1
-2.09209614183331,1
-2.66994002075252,1
-4.11997560635349,1
-3.55851610105397,1
-1.50415141887922,1
-4.15252476784046,1
-2.67620131324624,1
-3.7613508340985,1
-2.44000245651358,1
-3.98424192298404,1
-4.25663486268409,1
-2.77826638064854,1
-3.88610561138848,1
-1.6907656032218,1
-2.47886010098177,1
-3.34122209943125,1
-3.34656078931387,1
-4.99823740481207,1
-3.01051225876516,1
-0.816178232651696,1
-2.69224946347502,1
-4.02435925743257,1
-2.6652754669121,1
-2.27124543813032,1
-4.32284381849074,1
-2.47321473411433,1
-1.57183944444025,1
-2.77184924027445,1
-3.30052779339868,1
-4.01430781518347,1
-2.92987237337134,1
-4.01091115325702,1
-3.3320596692939,1
-3.41650067212576,1
-3.04730529975628,1
-2.53448899844848,1
-3.42129302321895,1
-2.93036951066458,1
-4.71378648059199,1
-1.99766383362926,1
-3.99138469894037,1
-3.28071603342651,1
-2.83013185899954,1
-2.10510219480026,1
-3.80102224025788,1
-2.9731776607279,1
-3.58776096533689,1
-4.08704137231611,1
-3.03633486338517,1
-3.17055750136517,1
-3.04071661597879,1
-4.03047740559628,1
-3.51447231021607,1
-2.66685428403845,1
-2.30548054362103,1
-3.27043091695803,1
-1.00988819512649,1
-4.01639128881211,1
-4.34064387881803,1
-1.36523178357267,1
-3.92742311591096,1
-3.18909136566347,1
-3.99147244905142,1
-4.17345072955218,1
-3.77347136255149,1
-3.16288261781444,1
-3.44774016450228,1
-2.13279198053512,1
-3.41850431076309,1
-1.73087665134872,1
-3.82238408305719,1
-4.55953167137889,1
-2.70510785969098,1
-1.67970616904894,1
-3.23276500799872,1
-1.76463046729234,1
-3.24345094467594,1
-3.6326941561675,1
-4.23841123120066,1
-1.9292772608573,1
-4.29580653227475,1
-3.32623289952772,1
-3.77929870537444,1
-3.7732141769411,1
-3.28368570905809,1
-2.85667221773539,1
-2.76396477633597,1
-3.84445068942558,1
-2.6592082508422,1
-2.48500734299409,1
-3.14023908475348,1
-3.22724598127905,1
-4.20921595056227,1
-2.6896610306776,1
-1.35384411549909,1
-2.25085691739475,1
-3.11499788896091,1
-2.42351444390373,1
-2.81490445910798,1
-2.42712048580165,1
-2.8767333095282,1
-2.9904392364224,1
-1.41016948942845,1
-2.87682874942964,1
-2.36158331870183,1
-2.22197495114771,1
-1.6730424325845,1
-3.15564359843258,1
-2.37152483975,1
-2.93440573164879,1
-3.48295592008456,1
-3.10224728391466,1
-2.39566866635776,1
-3.74714328429564,1
-1.41672625828972,1
-1.11619192648212,1
-3.72903676548063,1
-3.34690113340422,1
-2.5383799291856,1
-2.59712129386433,1
-1.61501366156603,1
-3.07139959123968,1
-1.40576929773951,1
-3.83500271389452,1
-2.91965255699706,1
-2.67651050832693,1
-3.96689503151809,1
-2.9408114612103,1
-3.26517437165651,1
-2.14230739202704,1
-2.45431382830761,1
-1.14624823751966,1
-2.0039033592287,1
-2.89710861637674,1
-4.91838187611468,1
-3.13106782428104,1
-3.76863166681708,1
-0.610048163693203,1
-2.92275432040866,1
-2.62439254976659,1
-2.60443583063212,1
-3.11249908896049,1
-4.82903670221613,1
-0.908547806516522,1
-2.64090687779876,1
-3.79434474702679,1
-3.22731164066134,1
-1.40617864511194,1
-2.84479436617325,1
-2.82140437099702,1
-3.33773084599208,1
-4.52499188975933,1
-3.70940664667282,1
-3.86661663365224,1
-2.92851889160046,1
-2.84437936418461,1
-3.18219139268447,1
-2.26898415888042,1
-3.34756806580692,1
-2.76557599201855,1
-3.86772936409388,1
-3.9825385850306,1
-3.29357242375328,1
-2.17553036368759,1
-2.8058668307346,1
-2.7023083806907,1
-3.71012508212938,1
-3.68767410135748,1
-2.42716187516049,1
-2.5547823963221,1
-4.32595925914607,1
-4.49987540945822,1
-1.98403177281271,1
-3.02751578834623,1
-3.16044557980861,1
-2.62116482389454,1
-3.10716072249908,1
-2.78716490684047,1
-2.53193608329138,1
-4.61607434104671,1
-2.98526199380264,1
-3.03776434767206,1
-2.59619099990689,1
-2.69474560714907,1
-4.24311011200712,1
-2.86814081130087,1
-3.99947508351036,1
-3.35421345818509,1
-2.89441128462028,1
-2.0445737335691,1
-2.53520102200865,1
-2.73329361177294,1
-4.42322334232221,1
-2.88894269097377,1
-1.82714461043412,1
-5.11558331822511,1
-2.53783886040519,1
-5.45990316165611,1
-3.30485718475159,1
-2.60176674608632,1
-4.70578655053756,1
-2.24059018819157,1
-2.79676238131666,1
-2.04131721007773,1
-2.51317025212053,1
-3.44590444136973,1
-2.67432692573786,1
-3.02009780648141,1
-4.88847557535879,1
-2.66163853167991,1
-2.6621945971206,1
-2.57566878141768,1
-2.88712921265139,1
-3.11827036575813,1
-5.6862862203428,1
-1.45164380899494,1
-3.92437868406002,1
-3.72040490902556,1
-2.16649468964134,1
-3.56649185628868,1
-3.99915099624078,1
-2.35873294787195,1
-3.25395009085808,1
-4.1216999904268,1
-1.35207314539919,1
-3.30667757004699,1
-3.77404140889206,1
-4.3542395842984,1
-3.32592678918795,1
-1.44678368464734,1
-2.37186879023067,1
-4.02754618141245,1
-3.20194229402518,1
-2.13893397444405,1
-1.44184263663573,1
-3.12968111746313,1
-3.81777231523383,1
-2.7114935553885,1
-4.13137904237091,1
-2.11868293467951,1
-3.94421369775661,1
-3.62159192383375,1
-4.99105234222674,1
-3.95195327367889,1
-2.74205100489589,1
-1.80180277508981,1
-1.89103321757916,1
-4.6126667145719,1
-3.35662964259811,1
-3.00861645885063,1
-3.01461395766844,1
-2.78291234372778,1
-2.81980926815178,1
-3.52051640547461,1
-3.23958190615528,1
-3.69301523014113,1
-3.68491078611608,1
-2.06739723926122,1
-4.20855099559774,1
-3.36078550385886,1
-4.18236947813095,1
-2.35534239796397,1
-4.08883287024747,1
-4.69847454979564,1
-4.29035961821864,1
-2.45437325626186,1
-0.864650464242704,1
-3.57685874533513,1
-2.17481094631713,1
-1.38689584439805,1
-1.78407781766224,1
-1.38608869719098,1
-3.59993880316937,1
-1.95991999093696,1
-3.24440684137626,1
-4.48506674965087,1
-3.35617862701569,1
-2.64547644088941,1
-1.16508712569063,1
-2.10230753204555,1
-2.74769769968939,1
-2.01597216369363,1
-3.51456092444929,1
-4.31065363515776,1
-3.68731566401623,1
-4.18546461925071,1
-2.01761138808557,1
-3.13534656834869,1
-4.19003996771486,1
-3.20730962487743,1
-3.84561518635873,1
-3.31429512711195,1
-1.57571968865017,1
-1.50852314585862,1
-3.74404839267312,1
-3.37437698073626,1
-2.57589310918596,1
-2.88588429120861,1
-3.51109795760458,1
-1.97766277939765,1
-4.41918384325539,1
-0.453320667854298,1
-3.35795550229109,1
-2.59868157328011,1
-3.70619482967574,1
-4.02066339488082,1
-1.86603917008881,1
-2.96145466797322,1
-2.76908727354343,1
-2.87426647965889,1
-2.30371438679176,1
-1.26052634852498,1
-2.33462261440055,1
-2.3124681951283,1
-1.76103128470913,1
-2.10133693238632,1
-4.15009807719898,1
-3.26418046294059,1
-4.62518045233166,1
-2.41835740101431,1
-1.09750727094841,1
-1.41990572356219,1
-2.07897094501888,1
-3.93790246021644,1
-3.73718621137327,1
-2.82021921399154,1
-3.13183047407334,1
-2.13207310653469,1
-1.68560811558004,1
-3.25111955166282,1
-3.07175951213712,1
-1.90479128900478,1
-2.51071963221803,1
-4.68015369718106,1
-3.81152545967955,1
-3.75222489081326,1
-4.32591909291339,1
-3.18148085498385,1
-2.86858451304392,1
-1.60617005115957,1
-2.2937865772222,1
-1.83715318935025,1
-3.75368772370731,1
-2.67807529770398,1
-1.36429579790449,1
-3.64779452289483,1
-2.3267366979344,1
-1.7264445008612,1
-4.03981182138251,1
-2.51204997355606,1
-3.90675360409376,1
-3.4747030749879,1
-3.6660867279602,1
-3.50201961515708,1
-3.30888601982415,1
-3.83690129663981,1
-3.62832389376753,1
-2.49909654229876,1
-1.32974638773758,1
-4.54173010203999,1
-3.27200912214133,1
-2.65835326238256,1
-2.51563307139048,1
-2.04731578290179,1
-2.86864986953249,1
-4.74191327333004,1
-2.33223868894298,1
-2.10184412317652,1
-3.5493155581766,1
-3.31750026273285,1
-3.58269331134194,1
-3.16421093111128,1
-3.93513325076094,1
-1.8118925920428,1
-4.21278830751644,1
-3.38117851459639,1
-1.67734660174179,1
-2.61465372344279,1
-3.36182184292476,1
-3.42637666197035,1
-2.61286206085215,1
-2.09722304820794,1
-2.28222473010249,1
-1.26391926547118,1
-4.00883294040112,1
-3.18003940420109,1
-5.02654769464178,1
-2.59106215890086,1
-2.26567488046678,1
-2.91803256744246,1
-4.68651701996981,1
-5.06171132798944,1
-1.17906284471709,1
-4.24913154506588,1
-2.06368385323504,1
-3.17155872004412,1
-3.07836912842491,1
-3.61036920829982,1
-2.43112444120624,1
-3.15719718825061,1
-4.06850575015078,1
-3.31252216718951,1
-3.0171228886073,1
-3.13233227456277,1
-2.55531459242064,1
-2.59826144341693,1
-5.51419021660211,1
-3.78849274088124,1
-3.11401662259645,1
-2.52586302498615,1
-2.31508381991741,1
-2.46022956047196,1
-3.38044894647209,1
-1.55694330012055,1
-3.80929881461205,1
-4.47123105810081,1
-2.57457793390928,1
-2.03580726892633,1
-2.02958348369251,1
-2.47768644053872,1
-2.12522103829428,1
-2.84193360893442,1
-1.43431140222615,1
-1.64724222750187,1
-2.90747182464255,1
-2.21747671162943,1
-1.88997560573722,1
-1.50005346360716,1
-3.13238084723952,1
-1.74220030764886,1
-1.90670723196355,1
-2.02477872896601,1
-1.79971417890398,1
-3.10728336407821,1
-2.3805007561379,1
-1.90903149218312,1
-3.44203487646555,1
-4.28079319562992,1
-2.34121650270789,1
-2.79897057691778,1
-2.54998038951684,1
-3.0130688239284,1
-3.8464820913495,1
-2.51728161678777,1
-2.06687913974542,1
-2.70829937635098,1
-3.21339365341802,1
-3.0407054158038,1
-3.22802828057067,1
-4.38110478219011,1
-2.73493581757616,1
-1.93792680140452,1
-2.9414517888866,1
-3.56460054356765,1
-2.33734916223491,1
-1.79092616426952,1
-2.54517851680713,1
-2.50642866848264,1
-2.77837937645604,1
-3.57464411085007,1
-2.86772977390077,1
-1.87136020978728,1
-3.05600588760888,1
-2.29373412430077,1
-3.0605509068779,1
-2.40975147767614,1
-3.61960724321927,1
-4.19028007450902,1
-5.43535608455302,1
-2.26799442555665,1
-2.65318759309804,1
-2.27191296595516,1
-2.42884033005331,1
-4.77757427033886,1
-2.8966212149078,1
-1.06515226423466,1
-2.06932699680557,1
-3.15083464135239,1
-3.46819905742332,1
-3.36528668171568,1
-2.74186549143868,1
-2.81464013382582,1
-3.89456505637767,1
-3.4544247346384,1
-3.28301608544299,1
-1.9034983302509,1
-1.98220314711083,1
-2.6974450897178,1
-4.26092761408426,1
-2.75984892422627,1
-2.21656210897977,1
-3.19302007344462,1
-4.3070100021039,1
-3.7655996765639,1
-2.21744653359687,1
-3.06866255940697,1
-2.61678354749498,1
-2.68857112719419,1
-2.24794262199459,1
-2.04280823140207,1
-2.55849610660267,1
-2.44685422795668,1
-2.63281188223454,1
-4.14469695986121,1
-2.07251605255917,1
-1.95226517092584,1
-2.67090432108504,1
-3.23967398360766,1
-3.56783657726186,1
-4.56460993055658,1
-2.97028200516291,1
-2.39282217933055,1
-2.03970984391225,1
-3.12553659892267,1
-3.48256378032352,1
-1.27958998770417,1
-1.28837694567516,1
-0.608047440878206,1
-3.9372422060556,1
-4.28384148977317,1
-2.83740357886287,1
-2.61096970745964,1
-2.31500682060815,1
-3.49181945857543,1
-3.19880143847732,1
-3.30830493154051,1
-4.97099899948716,1
-3.82212635406128,1
-2.93267666579541,1
-3.41562828488658,1
-2.15820070281183,1
-2.40649302045561,1
-2.70099118704867,1
-2.37967384391732,1
-0.945250273247064,1
-3.25180395618697,1
-0.336412194996381,1
-1.14217564978363,1
-1.73528867473031,1
-4.96884241218256,1
-3.56491559006461,1
-4.31721381000043,1
-2.79788870369831,1
-4.05840104535754,1
-3.4399701704314,1
-1.5221132525845,1
-4.22825856654084,1
-4.84668408527286,1
-3.74760416828518,1
-3.25630794506126,1
-2.31607422836771,1
-2.88178729028132,1
-3.35234585861923,1
-2.76539314776049,1
-4.13821771575528,1
-2.69896811949598,1
-1.96330221877466,1
-3.02025357146212,1
-1.8143686465577,1
-3.33262183673839,1
-1.98010692266699,1
-4.34598729008555,1
-2.95475006895481,1
-2.43021426454147,1
-4.04804140472384,1
-4.47655098299399,1
-3.59117628639307,1
-3.25900867050397,1
-1.6431632004859,1
-4.00565015870534,1
-1.95577754341013,1
-3.25932158338364,1
-3.61920216620979,1
-3.35101410044841,1
-0.863801481957019,1
-3.61599655478997,1
-1.48606353081182,1
-2.91444580161485,1
-3.50259961842557,1
-2.29417476843352,1
-2.88030633652773,1
-3.08569474963677,1
-2.51794838077648,1
-3.47597089194395,1
-0.882959338181695,1
-2.90097318623884,1
-2.19332892995806,1
-1.98308090296828,1
-3.93339820833677,1
-1.5274947782415,1
-2.01504013002082,1
-3.74668536730365,1
-2.68459081985093,1
-3.91433077438539,1
-1.76963163676173,1
-3.02658726973375,1
-2.09028302018127,1
-2.94074334430817,1
-2.73197131217805,1
-3.49421513662539,1
-3.45913713060209,1
-3.18801110880497,1
-0.574350825691014,1
-2.12945498309415,1
-2.43823650745781,1
-2.45028986747865,1
-0.601658327526728,1
-2.542679222882,1
-2.34492609387526,1
-3.61347899062865,1
-3.01869051284397,1
-4.03804565361333,1
-2.45413778944328,1
-3.66939864030201,1
-1.63520411269405,1
-2.02114920260072,1
-3.06626853115007,1
-3.35787838301472,1
-4.37443378703461,1
-2.14933502404031,1
-2.14184524091635,1
-3.09955278417191,1
-0.895966931374907,1
-2.40581450555565,1
-2.39801412538263,1
-2.97687906577535,1
-2.23135820977091,1
-3.74281742068601,1
-3.09630535146241,1
-3.99523072506513,1
-4.23126238161036,1
-4.83765438454423,1
-1.41024762623525,1
-5.03184850099649,1
-0.644771436866099,1
-2.23595562220511,1
-5.11465261953352,1
-3.09035346426412,1
-2.1151810289607,1
-3.6883752152588,1
-2.20428043096385,1
-4.03774718620552,1
-2.90180073742244,1
-1.47627336409452,1
-2.62576726177661,1
-1.76099281922212,1
-2.93446980579437,1
-3.68030769309566,1
-2.48644341710538,1
-2.94630967015991,1
-0.869882928710264,1
-3.81960088730618,1
-2.90101167049606,1
-4.46173158441023,1
-1.37300192850142,1
-2.33956230471159,1
-1.58289544917594,1
-3.25323072432561,1
-2.54957669601079,1
-1.69863440607642,1
-3.29331731797031,1
-2.43078383775655,1
-4.40568651843696,1
-3.29313569728606,1
-3.1195459812772,1
-3.70002519983226,1
-4.57701610950513,1
-2.71241622811105,1
-2.75979785305554,1
-2.37755502618853,1
-2.03148090996442,1
-3.8745299527789,1
-2.73771465619345,1
-2.8549836147968,1
-1.80244989546747,1
-2.07526069305082,1
-3.78384661107438,1
-4.81506837287796,1
-3.81184821144471,1
-2.01106988267956,1
-3.00738261346013,1
-3.2037188488834,1
-3.69674306823425,1
-3.62502420138278,1
-2.53679607491239,1
-2.24187015218428,1
-2.49360014828988,1
-2.81998241700217,1
-1.83097981837796,1
-3.18039761356025,1
-3.01628538935526,1
-3.97952090577873,1
-2.79939125512561,1
-3.14747604661508,1
-4.01987656221328,1
-2.44475173097038,1
-2.73000414144363,1
-0.938519534309256,1
-2.48327247980112,1
-2.48217956195537,1
-3.17640511145619,1
-4.09241927256774,1
-4.18631716202449,1
-2.66163252414521,1
-1.46624185952499,1
-2.62220223199086,1
-2.04677003550925,1
-3.49014347622167,1
-2.68643790772227,1
-3.26380492144227,1
-3.79218233303824,1
-2.25590465242914,1
-3.28055603297273,1
-6.21693780735319,1
-1.06523079232865,1
-3.2987578631654,1
-2.6170187540575,1
-3.45438748856141,1
-2.84354080244012,1
-3.2612640282486,1
-3.06144795451819,1
-3.43489523500511,1
-4.10366565743842,1
-3.45878217827649,1
-2.70582715866187,1
-3.19477655931094,1
-1.40232752215054,1
0.09544211086236,1
-3.75579574995736,1
-3.8723567568784,1
-4.0529906645043,1
-3.97559961088266,1
-3.11210814568161,1
-2.65457740787951,1
-2.84512137173545,1
-4.30684232766089,1
-1.4742883096879,1
-2.04136708617108,1
-3.98617214752041,1
-3.23718923737782,1
-3.48578903426249,1
-3.06116390271622,1
-3.63991739473333,1
-3.71532345138759,1
-2.81858604050852,1
-3.30259438574393,1
-3.00217410769457,1
-3.35152042614203,1
-3.14486974391896,1
-2.78592861372847,1
-3.65414216598176,1
-1.61441856011138,1
-2.39487214214893,1
-5.75539443353856,1
-3.66270334899511,1
-2.35607469185605,1
-2.0642670431498,1
-4.42647266092827,1
-1.23363764442199,1
-3.03975144730092,1
-4.50262535212835,1
-3.42496283892255,1
-3.64928869377929,1
-1.42954640384313,1
-5.19104822107696,1
-3.80709304391835,1
-2.61315160718997,1
-2.2570750265857,1
-4.62481574939049,1
-1.63197528535455,1
-4.40883947279049,1
-3.88216627489279,1
-3.34655930922825,1
-2.15716057153541,1
-2.44926972518708,1
-2.99491143596246,1
-2.12267935544701,1
-3.54354097957561,1
-1.42778397906053,1
-2.90805402928955,1
-4.84155805292057,1
-3.90406713123447,1
-3.98564824867044,1
-4.12982857374225,1
-2.33921406488522,1
-4.20781555553875,1
-3.00019847513509,1
-3.1215404482413,1
-3.77362012011807,1
-2.89121002009019,1
-3.7026643322084,1
-1.1520299858581,1
-4.51002973203894,1
-2.73489528270284,1
-3.49971296905815,1
-3.20950358678662,1
-4.73037940557273,1
-2.15835516105241,1
-2.78391024191176,1
-1.90440446428901,1
-2.37889523495714,1
-3.79548979411801,1
-4.22183756789466,1
-3.51083620591102,1
-2.480462220268,1
-4.10493667617681,1
-3.2448862088214,1
-5.18573122348647,1
-3.98441306677208,1
-2.52655028607505,1
-2.1835338757594,1
-1.60907932549092,1
-2.58010914475637,1
-2.63874688088703,1
-3.97828710788735,1
-4.97882519972908,1
-2.00548222054053,1
-2.4619737835569,1
-2.55447940526442,1
-2.34577860053267,1
-3.43798682330944,1
-1.87734876294934,1
-2.04013953676851,1
-3.28859493956096,1
-3.61594290931343,1
-3.05061671874985,1
-2.33081552562882,1
-1.85012489195032,1
-2.01054831302709,1
-4.8928874550771,1
-2.70540312207379,1
-6.06887349264709,1
-4.59877929848844,1
-3.84631750469132,1
-2.95579798706358,1
-3.05768478661001,1
-3.12261838242568,1
-1.96284873936933,1
-2.88275879839896,1
-2.11832828446272,1
-3.07614059775709,1
-3.91442754780239,1
-4.18631400470127,1
-1.8002452949847,1
-3.41596168369714,1
-2.51605661431029,1
-3.0065124866154,1
-3.5237651499506,1
-2.53948320905536,1
-3.84241134748024,1
-2.07970678683346,1
-1.72158465859443,1
-1.17962829804511,1
-2.32409487194871,1
-2.06451540303216,1
-2.2117387903819,1
-4.00819440802107,1
-3.11533025265997,1
-2.58085644629134,1
-4.14297209730828,1
-3.22347715856595,1
-4.41641102587051,1
-3.26229935518922,1
-2.77197131907459,1
-2.66388037800026,1
-2.31654912020691,1
-2.0192752459872,1
-3.21553144979174,1
-2.03877874035956,1
-1.96504049490595,1
-3.15690987654862,1
-2.88922493859399,1
-2.09057729822311,1
-3.06606439339875,1
-3.72675743637534,1
-3.50838131496088,1
-3.64345673669636,1
-4.08409581647041,1
-1.76709847329279,1
-5.08501311285683,1
-3.09215775553397,1
-2.87037445237251,1
-2.7937073299032,1
-3.21348075895904,1
-4.52698379037914,1
-3.54421901984694,1
-4.02781224455891,1
-2.31244368769226,1
-3.39327924244944,1
-2.52434165626229,1
-3.06345320433014,1
-3.55904749926058,1
-3.7353970427492,1
-4.38661988993842,1
-3.79917365990772,1
-3.61121940433677,1
-3.11022348524179,1
-2.58574129882073,1
-2.76990472748707,1
-2.14296900369091,1
-2.95179126774462,1
-1.97665154908199,1
-3.18199287362686,1
-3.2901283843222,1
-2.1847960886289,1
-2.67766766839163,1
-2.86162532457048,1
-3.45101249544475,1
-3.15304059920617,1
-3.87900212768026,1
-3.19270693963384,1
-2.80511443049543,1
-1.40512191511621,1
-3.44194328872128,1
-3.42197082948642,1
-2.77419085217589,1
-2.85359450754167,1
-2.99030983116679,1
-2.89240128467368,1
-5.04953148859614,1
-1.68597010501205,1
-2.38195974536598,1
-3.41926490330704,1
-3.65461894070688,1
-3.6901467228935,1
-4.67926866477188,1
-3.24816894470858,1
-1.80664508250521,1
-4.56357295821826,1
-4.74518919901296,1
-3.02409472991201,1
-4.34818946371968,1
-3.28720563161412,1
-3.75126503779285,1
-2.56827485316385,1
-3.43123899509119,1
-2.87814511674091,1
-2.5794329874569,1
-2.59514952541003,1
-2.51627002705692,1
-3.29332600915037,1
-5.46947772250578,1
-2.74779085676645,1
-3.92917261583568,1
-2.46815448619135,1
-4.32631180155802,1
-1.97597517104752,1
-3.90126456763329,1
-3.65581629338604,1
-2.60182858201463,1
-0.654688439191231,1
-3.94529465661769,1
-1.21049726938143,1
-2.50956378458736,1
-3.89293644690384,1
-2.23579395820762,1
-2.77818309512203,1
-3.46993832039504,1
-3.43710564237429,1
-5.05139705967615,1
-3.1607926317081,1
-2.46924988657899,1
-2.73547599868656,1
-3.33193620655438,1
-1.93492588948272,1
-3.39640199253516,1
-2.38415335374833,1
-4.15776663661955,1
-3.19303873653019,1
-2.71370352839848,1
-2.27878093198995,1
-2.96130950718446,1
-2.65685522323761,1
-1.74390199147979,1
-1.75581393976821,1
-3.56312299025719,1
-2.76538244769528,1
-1.45265890989335,1
-2.83301853423725,1
-2.96849944013392,1
-1.58115975282312,1
-2.10796380855943,1
-3.65706503228162,1
-2.99620199948688,1
-4.12407281870118,1
-3.24869595917461,1
-2.10132987827916,1
-4.28809437388142,1
-1.97838636603302,1
-3.38424967787304,1
-3.69742624572899,1
-3.73441892519309,1
-5.12973910567076,1
-3.09425171703155,1
-4.15204568929005,1
-4.67916880969926,1
-3.00498944168528,1
-3.58749716647081,1
-3.39926893875734,1
-2.87579076861246,1
-2.83562177856341,1
-3.35008590651424,1
-3.28528617374916,1
-3.39782644729635,1
-3.25637974962136,1
-3.93547407941236,1
-4.30746924537615,1
-4.1252887890304,1
-2.4721372890968,1
-2.99455769519771,1
-2.10013638063871,1
-1.82001387776956,1
-3.76370442411216,1
-4.05667419261514,1
-4.86063766923852,1
-3.21111026903143,1
-2.30870190270211,1
-1.50179535025939,1
-2.92392710181583,1
-3.46479093715088,1
-2.77970650823015,1
-3.82178856278297,1
-2.9094043750042,1
-3.08084846467862,1
-4.23846052358016,1
-3.33642744452961,1
-2.53745820875776,1
-1.57533308349759,1
-2.44971770200155,1
-1.05748193202729,1
-3.6936213965675,1
-2.81491169181634,1
-3.1668707915007,1
-2.8524840770666,1
-4.0763054325024,1
-3.10340995070827,1
-3.31535881555719,1
-3.37326206403354,1
-3.36425193414594,1
-3.25827331689219,1
-2.99115875014801,1
-1.70411307861661,1
-3.37907416384794,1
-3.00533548469944,1
-4.64694141090947,1
-2.81392833227053,1
-2.91924847753964,1
-3.64700395722497,1
-2.62980315215851,1
-3.28666869693202,1
-3.27146531157753,1
-4.12926517789828,1
-2.12270235497182,1
-3.92228183592436,1
-2.89220002257989,1
-2.8810741155174,1
-2.28156092550029,1
-2.26091975403682,1
-4.3552588764761,1
-1.70947859181465,1
-2.42658037624951,1
-3.94955470422584,1
-3.98968908866689,1
-3.40948748372399,1
-3.5358356497024,1
-2.03449866169393,1
-1.98135682111179,1
-2.78870345380967,1
-1.97363874314116,1
-2.8901756472714,1
-1.67338844859852,1
-1.78137696396037,1
-4.26875368506211,1
-2.16370942677868,1
-2.63203302701279,1
-3.21976248049136,1
-2.15911225597327,1
-3.45008654159037,1
-3.56584619424767,1
-2.43353402947382,1
-3.10594413643264,1
-2.90441424733627,1
-1.85273149804653,1
-3.49554686387966,1
-2.75829088719299,1
-2.23231845103021,1
-4.16526740652987,1
-2.89710942267035,1
-3.16962865300912,1
-2.54272629332103,1
-2.7379422846492,1
-2.97087328748846,1
-3.82138724350963,1
-2.07662612362273,1
-1.50711916288831,1
-2.50765887768194,1
-2.15473220378121,1
-2.95176489691723,1
-3.39442718594466,1
-2.81938676348287,1
-4.55270727099177,1
-1.34074238081379,1
-2.06948095478558,1
-4.83277980945398,1
-4.31279579013777,1
-2.42462016076386,1
-3.16098793119125,1
-3.03044257342477,1
-4.60213562370651,1
-2.87450193031131,1
-2.8194550745251,1
-2.36489083057646,1
-4.47269649129753,1
-1.97971795159675,1
-4.06160602612126,1
-2.93945869089456,1
-1.4866764018788,1
-1.67049111727873,1
-2.61179067790724,1
-1.93807707202545,1
-4.15255210667724,1
-2.17593282894628,1
-2.08635978863498,1
-4.02916267140219,1
-2.86098971590603,1
-0.141643593721225,1
-2.0382121593615,1
-1.75511479226468,1
-2.39294866534142,1
-4.15782899499559,1
-4.89890764213034,1
-3.0801909629482,1
-4.0157719557554,1
-4.44453564966563,1
2.72274180765446,2
3.86404121208324,2
7.50598705539407,2
2.08083885581743,2
3.18097419938035,2
8.21626995045149,2
0.92566150760647,2
3.50620833077005,2
2.46680228447611,2
5.63496757019251,2
3.22340298202077,2
5.54287341386247,2
3.82355848615996,2
4.51583292025627,2
-0.344670188689015,2
1.53302905107457,2
0.353570994498102,2
-0.0231291376235463,2
4.82287822008671,2
5.08775231062076,2
2.72592208634007,2
1.01920953457527,2
5.08880613115897,2
6.64931789628458,2
4.40682483202659,2
1.35569577576114,2
2.10137384855336,2
4.40641937745915,2
3.12445587098652,2
5.05287318275811,2
1.03617069423369,2
6.07233183819165,2
2.42423898109859,2
1.57740029882093,2
0.65008890546159,2
4.71154523525497,2
2.32764738785147,2
2.45162310184966,2
2.24540970127145,2
0.920535260705718,2
1.58320407011466,2
2.76162282891825,2
7.33884751231151,2
2.24673850393672,2
4.59737217682438,2
1.11594432465593,2
4.74622601755401,2
4.79199632363804,2
4.4310430813219,2
3.74320451927265,2
-0.650401812812004,2
2.71680713746839,2
4.20277999291347,2
-0.618579037414498,2
2.16217480597031,2
5.3950938372898,2
3.06752657259597,2
5.71261890855967,2
2.32334314950276,2
5.47734869153683,2
3.31960293268422,2
4.35651397544723,2
0.116534096773989,2
0.0409421022480361,2
3.97670216065957,2
2.28258112349999,2
-0.6503616221689,2
2.09386786172921,2
2.28889942033861,2
1.29046061535168,2
0.50635500204269,2
3.44353087578149,2
3.67126450907773,2
1.39501961487652,2
5.64748888624846,2
2.02518274403726,2
-0.961395443757474,2
3.04580636909071,2
4.62723698495303,2
-0.795050272778508,2
6.75502754742478,2
2.41866371085047,2
1.35423685042305,2
3.56741032832721,2
1.92100582323611,2
4.89947377040371,2
5.65580748931956,2
3.87476987986415,2
2.98897971237268,2
-0.406657628505434,2
1.47241383320652,2
3.04362706919012,2
-0.996436623537169,2
0.892130277464859,2
3.29900882190678,2
0.53618862515721,2
1.45753754915251,2
3.60252041918073,2
3.37885798243748,2
3.23714457401137,2
7.88178633923243,2
4.34119237814715,2
1.64094003239114,2
3.09705733068182,2
5.32096788878211,2
6.61744527322486,2
4.36924232570318,2
1.44392608598535,2
4.3710995666891,2
4.13666559922309,2
4.05054879626591,2
2.89264283344574,2
2.56426594300307,2
3.19389835098536,2
1.80231058511213,2
4.18875753357525,2
2.89862703468394,2
5.66331616924125,2
4.4912791360556,2
3.45267198469108,2
5.66300671647616,2
4.73661787386063,2
3.68009550057988,2
1.17880405430653,2
5.66517833434632,2
2.74734181413903,2
2.29680171283987,2
3.06028581431195,2
5.13664398786175,2
3.23714956166444,2
0.726820941913067,2
2.43830241101743,2
1.38758022073645,2
2.4563977172864,2
0.497351929296419,2
3.7115435719422,2
2.31041527612074,2
1.23228562234087,2
1.83749279590783,2
5.54088158274343,2
0.609849303491748,2
3.97209239759429,2
3.3378975893984,2
0.612755603357202,2
3.08014197897456,2
1.14931237604447,2
4.67175851849972,2
4.10255559029234,2
2.76595879321709,2
1.02158824413437,2
1.96025183093492,2
2.00373386140509,2
3.69079721725923,2
5.4924729307576,2
4.5173672666148,2
2.10978283466531,2
-0.765971947826624,2
1.52822157606398,2
3.70533526996833,2
0.877752264265493,2
2.98967257698589,2
5.94523952069872,2
6.25093242651518,2
3.35163507109641,2
6.53961023141645,2
4.13965248402922,2
4.41787411304361,2
4.11311978541046,2
2.01391500632929,2
3.39203555782565,2
4.03548294065705,2
5.37105560528745,2
-2.1427014400222,2
1.29201879015175,2
5.77331987037198,2
4.30385243680704,2
3.43561194749543,2
4.04517172025613,2
5.36655943868595,2
1.10942739061561,2
3.82206661201901,2
-0.761891125197242,2
3.26417030244072,2
3.19233239126958,2
5.51996823855391,2
1.53052494739571,2
4.09085700790516,2
4.91161440917671,2
1.58658713267766,2
3.62325547959709,2
3.09752416311084,2
2.65235279276942,2
2.00348936826106,2
1.67539442774495,2
0.664068177365032,2
2.07337535544236,2
1.13992327858654,2
2.90768843816572,2
6.13007054847712,2
2.40746058289337,2
4.94327787508709,2
3.97594258538344,2
5.70099175425101,2
2.98704482269143,2
2.80116017973699,2
2.69742555553417,2
0.565060563948223,2
7.06499344332577,2
0.146024055654969,2
2.75202323031809,2
2.26705611292734,2
3.14728384781944,2
0.137671651795711,2
4.55710900016928,2
2.91362091157047,2
2.54206524042302,2
5.84351025880299,2
4.34936373794174,2
6.4375831141192,2
5.62894658726712,2
1.90567118835429,2
2.48829583129074,2
5.49439139222324,2
2.16573547105337,2
2.84964966933519,2
2.10206407094407,2
3.83466856386366,2
5.15052564060634,2
1.78214980101422,2
1.99627923842636,2
4.90746305330023,2
6.42040379261419,2
4.90481710523694,2
0.254276383260206,2
2.86318274058625,2
3.62902855835197,2
3.14567278515562,2
1.94211315255722,2
-0.511618562253181,2
5.41388220398161,2
5.12314718999674,2
4.44656787632113,2
2.24441772676102,2
0.370988896022895,2
4.16707804793695,2
1.2774593106897,2
2.52051435672631,2
5.49938054236522,2
4.92307971409782,2
2.34176514548566,2
3.73246224239864,2
1.67437414934189,2
1.43159459957369,2
2.60379829849718,2
0.426080322308807,2
6.7766834231198,2
4.007721689091,2
1.47527222955044,2
2.98601528170283,2
4.92094647102039,2
2.65246086247878,2
2.54029009393817,2
4.55558264088636,2
5.95306716287392,2
4.73751446028798,2
3.27158435921117,2
4.06106031140661,2
3.04643974449521,2
2.10343385269195,2
1.68307741380675,2
1.42962809686164,2
1.30594237265677,2
3.02174952520996,2
-0.176809271218718,2
2.74393004116736,2
-0.0264471572109599,2
2.4632265695633,2
1.15946883719396,2
3.29165655729244,2
4.94629669769143,2
-0.359914156667444,2
1.50271219698193,2
1.50199303790924,2
2.07859609238599,2
2.61235323207917,2
1.14193743418221,2
2.48744133361077,2
4.98652324473218,2
3.28807857254123,2
2.00187991293018,2
3.61085845751831,2
4.08780180270088,2
-0.553260778414712,2
2.65030346154571,2
6.9734239616804,2
3.11471465701731,2
3.34956950955765,2
6.15258191894744,2
0.590147058739463,2
4.70611814535244,2
2.38536279274346,2
3.49602791314648,2
4.20531820020336,2
2.58457145376225,2
1.7279871108072,2
4.28403413801932,2
2.7538774582436,2
3.21738865722946,2
4.19292018138435,2
4.80259633861546,2
2.50354675642558,2
1.05348818587155,2
3.85226344048248,2
5.62116269271441,2
1.76002030606611,2
3.99887726584888,2
5.82860748438292,2
2.85436251243429,2
3.66112877408236,2
2.77943687575152,2
1.15049788078965,2
1.39823922556987,2
0.538520200265437,2
2.66376526142666,2
6.60574024359081,2
3.46742350833396,2
6.25613491809265,2
1.20397749408038,2
2.00103499122484,2
6.46860598491265,2
0.282083914165046,2
0.392456718746119,2
6.99323496357752,2
4.96912568413639,2
3.47041755901848,2
3.12731683982667,2
5.23114653218148,2
4.30013708370506,2
4.50412858974899,2
5.87237126018551,2
5.57169783669049,2
3.47920831916605,2
0.301317183479304,2
5.74063495475327,2
0.99694288344679,2
-1.98649414308947,2
3.760433111062,2
3.29797245232839,2
1.82310557964793,2
3.29835018931229,2
5.7705035016539,2
3.68975244474764,2
2.42497310315418,2
3.2093930461739,2
-0.31796881074547,2
0.0221378968084784,2
0.861652950109877,2
0.711422741377484,2
7.41496262877679,2
4.14186896506376,2
4.97643839958925,2
2.42140177341849,2
1.53631624290879,2
4.59413288247181,2
3.81888591016595,2
2.15165511525734,2
-0.585455501334895,2
7.17685668349261,2
7.04077345575828,2
0.859286621864207,2
5.49568854008044,2
2.41054127358353,2
1.76130223954907,2
0.923338633887694,2
2.08521170544196,2
3.33261405193586,2
0.130338333968682,2
3.22946749668166,2
-0.0727258410676761,2
2.65679680773538,2
1.08570196152518,2
5.51023219848718,2
1.59490808900706,2
2.54942390499161,2
3.8550045977199,2
2.58463041272241,2
1.84539610249803,2
-0.531780428944358,2
2.21184580102393,2
5.28200173684668,2
3.83764430541253,2
0.681234295442174,2
4.91143968249212,2
2.72348432635451,2
4.4796100464088,2
3.30349666462231,2
-1.63993789286562,2
0.867282497840938,2
6.19377648750096,2
2.61976090151113,2
1.77646057338537,2
3.54494666908619,2
4.14868600148727,2
1.54604196944711,2
3.61197571557464,2
0.465103503842367,2
1.63329549965855,2
1.7488252352037,2
3.3771558478896,2
6.8331871419238,2
4.19294724298495,2
1.17726127477487,2
-0.35698553435959,2
1.43256966178185,2
5.98789353727435,2
4.04309049330315,2
0.825206725270434,2
5.66543447218067,2
1.30863292050268,2
2.92685636459634,2
1.59644989875192,2
2.97417139652729,2
1.62891941940571,2
1.51531225528362,2
1.51486014351223,2
7.06867792438269,2
-1.01180413137,2
5.04621431723852,2
2.0734682824515,2
4.10230438635439,2
5.06882742493559,2
0.0664017090417124,2
4.4811406170957,2
2.49054996367304,2
0.938802218290799,2
2.93619033985537,2
2.81588856726487,2
3.61594579253162,2
3.80729579063185,2
2.38916537943271,2
4.49675869109061,2
3.6155685408921,2
5.54824458915445,2
5.84766961847414,2
2.01887343283624,2
2.44680353105494,2
5.14025076601928,2
7.05450011153104,2
5.59483872908203,2
2.99815256087168,2
3.4233141913319,2
6.21890799764679,2
0.754862220609668,2
2.50811734637019,2
1.41629903497305,2
5.79413307817483,2
0.499146850076657,2
1.95759418773211,2
3.12091186629919,2
3.66037269538935,2
2.20603770931873,2
0.967442010345885,2
2.33759713730665,2
2.34845818467729,2
0.629708797343033,2
0.323561202447125,2
3.40781515284861,2
4.38915163198287,2
4.06747222551608,2
2.99972673463307,2
1.74708014989944,2
-0.317610407767339,2
0.981542458037602,2
1.7575027857716,2
2.40493657163919,2
3.48622542461684,2
3.44146630845964,2
4.63695146605118,2
3.6809056226702,2
0.197886427978951,2
4.55361567916277,2
0.832092498504138,2
2.03447201847576,2
1.50139153430713,2
4.23616155593511,2
-0.557818204644574,2
4.15035185799806,2
1.47053510177151,2
1.22112658250919,2
0.264997901820776,2
1.26076827801304,2
0.455501597549052,2
1.10246956609599,2
5.26337515066643,2
2.52895796423763,2
0.785118685852335,2
5.27076366857593,2
4.12168226536382,2
3.67067680664393,2
1.81622239510806,2
4.25290917699748,2
1.61411954847899,2
1.33623310819512,2
1.69584215142172,2
1.99980519913893,2
3.96507643629822,2
4.72052323460756,2
-1.08330866596762,2
1.99338955680173,2
0.0280566122151122,2
5.32781529749186,2
6.13333352475421,2
1.62156884823067,2
4.66268219783476,2
4.03442686568385,2
3.70962365263701,2
4.77810824863963,2
4.44048796665219,2
3.41202168089851,2
1.47975661231023,2
5.97691801478788,2
0.949682285462401,2
2.7876709799684,2
2.2734111794357,2
4.98024901901093,2
5.35630899942881,2
5.5753161660976,2
5.8052178444208,2
0.154459621224718,2
3.72105743626182,2
3.01758061579269,2
1.73740760228948,2
3.36387497788268,2
2.36867096219391,2
0.520371496799889,2
1.38699717540848,2
1.06682722942672,2
1.19880712973066,2
2.73144215261049,2
3.39373403523303,2
1.03164714314758,2
-0.107920390661205,2
0.886310445203554,2
4.21062995308714,2
4.72304662113123,2
0.148945715286311,2
3.69579545028552,2
2.08768261316372,2
1.12816353337062,2
3.55914730871122,2
0.211899114053172,2
0.236325336838953,2
2.22620888796084,2
-1.6498457492749,2
1.36614317341827,2
0.306060936345544,2
-0.579796476480857,2
1.21372468885072,2
3.06757184970738,2
2.35465471496498,2
7.38100784503194,2
2.64047236390402,2
1.20589202426768,2
4.40083736067991,2
4.22164807756143,2
1.09560435936735,2
2.74873401154199,2
0.632341800033367,2
2.23820616135654,2
2.33969916509174,2
7.19210997553556,2
4.34103844906835,2
0.619931232578551,2
0.0931759987839524,2
1.5541588573169,2
3.6720922306459,2
6.73162523914566,2
1.7559945550346,2
2.63926137885669,2
-0.189427624076274,2
5.40188017128578,2
4.17081017961846,2
4.75010537947101,2
4.45788632742384,2
-1.18207477039396,2
5.23703083935154,2
2.86043217040739,2
1.76221600305557,2
2.07228119780775,2
5.169677646863,2
6.80097274009133,2
5.02699409505305,2
6.61816119320988,2
1.90847104532151,2
-0.0586136665605226,2
2.21003748133443,2
0.832888415102688,2
0.776249508634418,2
2.24017701891448,2
-0.00499163423555826,2
1.18154863140454,2
2.77225751719916,2
3.21813922799035,2
1.40965246187144,2
2.46226942697338,2
2.93439391517711,2
2.27649757651389,2
4.39834079886256,2
1.18144862981048,2
3.9059130638464,2
6.00271323120552,2
6.3381230410255,2
1.95016099380563,2
4.00032561883388,2
1.03998001739025,2
3.93688375649267,2
-0.344235123534149,2
-0.450579682193093,2
1.15849847934584,2
-0.669962574289984,2
4.00041291234088,2
3.14130772029642,2
4.9762436019478,2
3.6143176249961,2
4.30055385134822,2
1.02609386500759,2
4.734783165455,2
2.94465817450426,2
1.68398586319773,2
5.27643387229935,2
4.49166178134006,2
2.6248414389898,2
3.5532122962036,2
2.24783258334375,2
1.30614545695845,2
3.41887512895179,2
2.45723734440881,2
2.22013354116279,2
3.72434983346903,2
2.04596206363269,2
2.34601307579068,2
6.33341715075664,2
-1.54384828762076,2
1.46794426785557,2
0.459987313042111,2
7.07372028391159,2
2.48683693937792,2
6.27530932202586,2
3.35705349487455,2
3.12345302177828,2
0.645080443677982,2
0.853310023618353,2
2.85829858771095,2
1.75353079186552,2
7.13497600654667,2
0.714839167652755,2
5.78267658880964,2
3.8496877067326,2
2.31843639999482,2
0.931205624398841,2
1.50427153854364,2
1.64312303641984,2
0.299864761807284,2
6.049430878612,2
1.3710192711342,2
0.565542738241046,2
3.03386812602697,2
3.04014081947494,2
0.233287339373417,2
2.05097756811704,2
3.48657106858158,2
5.57342192463409,2
2.29788348900678,2
4.84392145754308,2
-0.237570502927966,2
2.18747646987815,2
3.34399000375721,2
-1.8367026057902,2
3.4491389794557,2
1.75274595922446,2
0.776683675677739,2
5.35055261239191,2
3.5887586028264,2
1.49347428178772,2
2.26351869571854,2
0.117293600190401,2
0.893996437078662,2
5.7312121796828,2
7.01162024469855,2
4.51812779660911,2
1.52600034425227,2
3.68686327142145,2
1.91476909415033,2
1.59022864165042,2
4.97662064349609,2
6.98691376295067,2
3.55121667257199,2
4.96561499239364,2
1.60761806306985,2
2.46405221188248,2
2.32238216617852,2
5.65271974971391,2
2.10486471859368,2
3.04694910298109,2
4.20880579875872,2
2.14003344468256,2
1.14384841313442,2
2.55873022652191,2
1.56509129951246,2
1.91277076012302,2
4.74872973138848,2
2.7770413141628,2
4.64248231248429,2
0.275732709083203,2
2.80515125206994,2
0.513660688644657,2
2.9735610348208,2
0.651873164858268,2
3.64333637951693,2
4.66052245140008,2
2.14557539368762,2
3.32968908072376,2
4.71495537475572,2
4.31015656928925,2
3.09298346581123,2
-0.311523693319956,2
2.10260473962992,2
-0.982187898530203,2
2.2498458545175,2
4.76339455824955,2
3.94739554882733,2
7.85327153180887,2
2.61419538721364,2
4.4149517190816,2
3.2174368509247,2
1.12509579185107,2
3.06250602859623,2
1.85973849126902,2
1.15582248135486,2
1.79429970033099,2
2.59895044379663,2
8.28711716978831,2
1.94225420699476,2
1.61647659660127,2
1.55263394237768,2
2.99735085094291,2
5.29536131469016,2
0.678171700863208,2
-1.9092835359913,2
2.8287719880966,2
4.9928119643119,2
-1.8290245756808,2
4.54152541600942,2
5.50132015934912,2
3.34849053948932,2
-0.919329364383543,2
3.04004593991366,2
4.12858554536818,2
4.66383091772628,2
4.41797499805285,2
4.46661792762462,2
5.2508187308632,2
0.603248042948071,2
5.06892103372437,2
-0.5141216255297,2
3.1068309835752,2
3.65376900590865,2
5.19140828209214,2
1.04334293316768,2
3.36382062596929,2
5.67039632862049,2
3.78741157302568,2
4.51113650830021,2
2.93651312835972,2
1.80927052829601,2
5.01416853890232,2
4.21127662084048,2
5.17682440556808,2
2.09252002158016,2
3.10943510094903,2
5.09167816734798,2
0.870119671253207,2
4.13214870282307,2
3.94732848795855,2
6.10517487004909,2
6.93634634747804,2
5.61847450490184,2
0.749102778130193,2
-0.272939961933614,2
0.316459769993168,2
4.44937572706055,2
1.94057595989822,2
0.856153297497824,2
2.62369883507129,2
2.79134783535279,2
0.276606020810312,2
3.04990741255497,2
0.820209910184503,2
1.32907502148443,2
4.80578095755849,2
1.92954634305933,2
1.60290714708552,2
5.99996759841922,2
5.05535774349778,2
3.86972240839361,2
3.62373163187527,2
1.18486259064986,2
1.63732495958806,2
4.57057729961507,2
3.12045634294002,2
1.9177566725942,2
7.14144833251269,2
1.82078213297433,2
1.6636753833272,2
2.01066341306614,2
-1.77210609637038,2
4.04639667079011,2
5.11461215147836,2
4.07391543806351,2
0.596631736059594,2
0.511629110629358,2
4.7439773944236,2
1.72290950105634,2
5.30843353148405,2
0.731675174965074,2
4.07336367303812,2
1.07303448005047,2
1.93109438928949,2
1.64491945334076,2
5.50469810245415,2
4.60141473446499,2
3.38808341842138,2
5.57515406112837,2
1.08411133822391,2
-0.430838083475117,2
3.8722486785228,2
3.12134665804792,2
3.13619099730512,2
1.1487788581864,2
4.41590655774463,2
3.99759812842963,2
0.355362665454348,2
2.91165991292847,2
5.41769152333715,2
2.81490188520799,2
7.05144874487886,2
3.14381546943411,2
2.50705837723743,2
0.436629454929792,2
3.04151942399598,2
4.19476289038748,2
6.77366958857047,2
1.37928139954439,2
2.57955648575251,2
3.15497172433667,2
3.67075998661417,2
3.86020909522585,2
5.95989481629789,2
4.42181701592115,2
1.88030796539635,2
7.80641810965285,2
1.89859096590727,2
3.84928492098802,2
5.98455968139377,2
6.12001038044622,2
0.982241991298445,2
2.65639951537557,2
1.45202940847759,2
2.72122874182726,2
2.68997465031503,2
0.45446880347626,2
3.75800019352948,2
3.84041187383643,2
2.61077573383311,2
2.10822923871874,2
2.32356474014985,2
-1.43299334348587,2
0.652909799582478,2
1.17846582298419,2
3.30312011494028,2
3.44612979320833,2
2.16089131407894,2
4.16809098786958,2
3.50467720845492,2
4.707359423287,2
2.92077958863189,2
3.18890289438394,2
4.24190114945891,2
3.06127355623139,2
5.13979704768837,2
1.75599275248151,2
3.91854816626142,2
2.69990322858028,2
3.86918904900478,2
1.32807817790036,2
4.59653988380948,2
-1.81445495125275,2
1.61514861562223,2
7.32853493351882,2
6.31089338930701,2
3.13791972848905,2
0.981953304596086,2
1.83384931170684,2
1.63235751272727,2
4.12183414005912,2
6.29031483378183,2
2.7289740287799,2
2.89411538805054,2
2.681949328019,2
5.4983477326591,2
2.44079341354238,2
3.63113239551801,2
0.993679797778764,2
4.47213512141844,2
0.510666206101174,2
3.91411294904083,2
1.12547635049682,2
9.24335431619868,2
3.49931184735515,2
1.37626008150086,2
2.59890725884276,2
5.55103365227763,2
3.03138849187588,2
-0.123919535361596,2
4.61025436329463,2
2.60277531300736,2
1.11715258570739,2
5.80646947574913,2
3.39363410834874,2
0.867621654131276,2
6.30583114621705,2
5.22113208628019,2
0.370821033818637,2
3.45619497938323,2
4.56212938108765,2
1.4811405415837,2
3.81233703635981,2
2.75821050187765,2
2.57349290271718,2
0.926026784206252,2
5.69186412413683,2
3.96172305386854,2
2.91903569592406,2
3.40069680711591,2
5.84086843963562,2
2.54093609781942,2
1.61938859504003,2
3.80504890369203,2
4.81140280692007,2
2.23174197312788,2
0.432922726542189,2
-0.427799704216814,2
0.735648010069108,2
6.07026437225755,2
4.9794982850584,2
0.659104734315675,2
2.62317617571522,2
3.62128839572409,2
1.6770966674216,2
3.66078964398002,2
1.56608547977539,2
0.775629151735125,2
1.07998185833647,2
4.22418714010618,2
2.13614773787164,2
2.2322591787504,2
2.92562353392501,2
1.04857274186975,2
1.92218200615052,2
4.31168112713715,2
4.98715113960656,2
2.93942781828546,2
3.45957943205126,2
1.45084728907751,2
2.03768124779172,2
2.18709391025792,2
4.04745289985025,2
2.50460586404167,2
5.29125136352155,2
0.956768241196392,2
3.6045399227528,2
1.70789048222641,2
3.05284570514796,2
3.24191733174276,2
-1.29172937358454,2
2.58407138681118,2
1.6139102858649,2
6.93567832587077,2
5.09272426362568,2
2.66932410305251,2
1.84034235047526,2
2.56561679119716,2
3.48020133318938,2
5.04244514923587,2
2.81950425323919,2
4.67854010904308,2
2.40529451532331,2
5.31004250442373,2
2.10948808488766,2
0.781252384672689,2
5.28151406507817,2
4.86613323439674,2
1.95870369019965,2
1.8205749455411,2
5.76275500987455,2
2.39133314906183,2
3.39085035207999,2
5.31764982421625,2
3.06595168142577,2
1.0896728237211,2
2.45378880811809,2
5.31555984215086,2
1.59242953265384,2
5.28232813209803,2
2.68374369007081,2
1.06306085474895,2
1.21460282695396,2
4.81891608990104,2
3.66468245717409,2
3.54151079493436,2
0.0353376299853791,2
5.38879702458945,2
2.73768291471602,2
3.83210104305283,2
5.68494671364699,2
0.672278891314736,2
3.85711987444872,2
0.341373214459816,2
-0.845839007288802,2
5.58003905964154,2
3.15312913302181,2
3.86225771514075,2
0.989672232753715,2
3.70799798485312,2
1.42298660153432,2
3.96763619176456,2
1.27260868056611,2
3.74981534843133,2
8.44470016519712,2
4.66432794415662,2
2.06190402384734,2
2.5298639009133,2
-0.0343837704470289,2
3.218684144496,2
5.11548989783636,2
5.31366900369786,2
1.72890549319771,2
3.73517059256035,2
3.612773161705,2
3.11217212331323,2
1.58905202358468,2
1.55186647991599,2
3.0087078739119,2
2.16252444897531,2
2.14441882563667,2
4.06403478772949,2
4.42881738225294,2
2.88885718579344,2
3.62116521829731,2
5.49636063651556,2
1.83152831792209,2
3.74124850861912,2
4.00165677269325,2
2.51107413361238,2
2.52947833593545,2
2.96080830864662,2
1.48890949002095,2
5.94528467617458,2
3.01029352400519,2
1.47120956459093,2
2.35428507875887,2
5.91558863088979,2
-0.569766544170702,2
4.04344904957036,2
4.70302362833684,2
4.49060813196032,2
0.254466256452482,2
6.58403011155061,2
2.39011305131509,2
3.57973842484522,2
1.76159580805211,2
2.90267666712711,2
0.256487979967438,2
2.26942549052431,2
1.39281590426678,2
2.45339729835102,2
3.68018636132512,2
3.12015979181208,2
4.90315858769517,2
3.21467037440191,2
-2.45373134175858,2
2.01530351162115,2
5.23571939917122,2
5.09950655759713,2
6.96882864437176,2
1.51625529543295,2
5.6795329238977,2
3.34116466297658,2
4.4139372350886,2
3.63343555339272,2
3.8641349996351,2
3.4537948824634,2
2.12022314038659,2
-1.75556414795544,2
0.521827108073956,2
-0.0918968106228379,2
2.0421167583476,2
-1.92773785243937,2
3.69828616600986,2
4.94260043897619,2
0.0171812508847085,2
2.75955603676889,2
1.98024707899281,2
2.05111816857338,2
4.60175653629312,2
2.54933076178517,2
1.85486295239973,2
0.797612602176203,2
3.20986738739596,2
3.5859845391811,2
3.21258412268573,2
3.70640356338379,2
4.46460820099404,2
5.05597795664899,2
1.82145228711235,2
3.17568587724892,2
3.91388290391621,2
3.1063713537217,2
3.68619984007077,2
0.954910671827442,2
4.248301981173,2
2.0316863607115,2
2.6412193849564,2
6.89632929337734,2
2.83543392795162,2
3.60900945065126,2
-1.94659611836006,2
4.77531258493439,2
6.20814713591983,2
0.688407464926184,2
2.55288341270559,2
1.51597152294243,2
-1.01274715092846,2
0.283290770612907,2
2.91183328573671,2
3.04208104697711,2
4.38216306471515,2
2.31519057539088,2
2.33375815729961,2
6.10934517440176,2
1.54110918352627,2
1.38331233266098,2
4.01125595255826,2
4.11751288302306,2
2.9324211897905,2
3.0362035192578,2
1.63719001314949,2
5.44841416986258,2
3.41512269752119,2
4.50533239204593,2
5.2433086786675,2
4.41984582307105,2
-1.14572775548434,2
5.15698849387086,2
1.92275692244307,2
3.19594527636399,2
3.34064251687026,2
-0.423926122247416,2
6.03779458016433,2
3.61868083425442,2
4.3981805131796,2
2.72093072928959,2
4.04368211669136,2
2.93350033100693,2
2.45769046101288,2
5.12777804022781,2
2.86882341485831,2
0.814067799671248,2
4.13637716567863,2
1.45596107531396,2
1.77051631585216,2
1.8990302440561,2
5.2315724301044,2
3.28256934112743,2
0.779855319764515,2
2.34904968122952,2
4.18762578845515,2
2.64280195183291,2
2.02741808364825,2
-1.2852583788978,2
0.609176374783248,2
2.97330623225535,2
-0.617434272594999,2
2.0430614603297,2
1.97286418415951,2
1.62859093260237,2
1.11695133008892,2
4.68662944514741,2
-0.385155379953914,2
4.45135745618596,2
2.4050149330183,2
2.45700502666922,2
4.2620834325251,2
3.98356352596007,2
9.24488063132953,2
0.202395813497872,2
4.5773246831163,2
5.19074889139096,2
4.3680852581037,2
3.41308928657473,2
4.2463076609248,2
-2.56368161681679,2
4.58240048059601,2
3.75042733413963,2
4.87612975303407,2
2.33257017094488,2
3.12760787292313,2
2.8391267239507,2
0.0543468239764104,2
6.24887437608432,2
-1.09965080609255,2
3.08672956471819,2
1.50196982118709,2
4.48227065219491,2
3.14868601845161,2
-1.34372737197575,2
5.75384658214636,2
1.49192750934332,2
0.112803603247669,2
1.45454424318994,2
4.20821570656547,2
2.29435325147041,2
-2.57149672265856,2
5.89279464795308,2
2.32584399949453,2
4.98202821978731,2
5.16835507822922,2
3.9228740536953,2
3.1929114077172,2
5.85866247690584,2
0.129744367748494,2
1.68457676144286,2
0.427072474418843,2
2.05699691488934,2
0.0300645284061893,2
5.64453549845178,2
3.34155703829217,2
4.07306300377119,2
4.2026749157358,2
6.37154206258797,2
1.68297161926375,2
0.222016898741141,2
0.766790103452408,2
4.09799234229551,2
3.34585539388244,2
3.55931079338437,2
3.44696862370742,2
2.40451437187201,2
-0.440937401645701,2
3.3975096809014,2
6.20861316830618,2
0.630862365750901,2
5.02144240331229,2
5.75478914237874,2
1.31830398747416,2
2.94677903665189,2
3.5244504094951,2
5.19896617982073,2
5.19068453370851,2
3.25706756783262,2
3.27211925369997,2
1.91406007827421,2
3.37966705998376,2
-0.536288439062062,2
4.05215260215152,2
7.60784588202481,2
5.25192021896656,2
0.0178085874830631,2
5.59872802327504,2
-0.328269611165973,2
5.53632740813818,2
3.11123532596366,2
0.0167003843302691,2
0.802661001233496,2
3.40011233577355,2
4.92218250589277,2
1.45448769144056,2
0.747234085250606,2
1.66669165633467,2
4.47684625613883,2
4.78876229914086,2
3.15642067784626,2
5.90163765648071,2
2.76068839303103,2
4.25181936607825,2
1.1072585975652,2
3.56238795255676,2
3.46868645584103,2
2.08638594103747,2
2.28083665790497,2
4.32260383659989,2
4.81113550770148,2
0.659096819695956,2
1.92166238744869,2
5.75291826756676,2
4.21150186662004,2
7.05673859803152,2
2.29554532181969,2
2.64687909655944,2
2.59154371457663,2
2.68195406621205,2
5.30503503934081,2
5.07190246027529,2
11.180840559037,2
5.69149054153339,2
-1.23708487310805,2
1.67172902818691,2
3.54079419311506,2
1.5840858734944,2
2.34540188101202,2
2.81909239372713,2
2.1090774277477,2
-0.623247693867356,2
3.04772892540151,2
1.03308165058532,2
3.60153421803957,2
-2.02025687558041,2
3.28751010152643,2
2.65162018654486,2
3.72802467444865,2
1.93415836696736,2
0.815029048330204,2
2.67314806750496,2
3.45440609499098,2
1.21338126540276,2
0.810055457915718,2
2.11660169129086,2
-0.4067087047551,2
-0.658392348457736,2
-0.771802930244192,2
3.64096528795242,2
3.34569921665394,2
3.11825484966983,2
9.45786117781045,2
3.90124153420156,2
4.27163962647627,2
2.61933162076355,2
-0.245759481795447,2
5.61865068155564,2
5.33002910588188,2
3.90399253044373,2
-1.07448555649575,2
4.37358700724002,2
3.67300722818985,2
7.26595522034348,2
3.12679718295375,2
1.616622937774,2
1.12336156609263,2
2.39219646185199,2
2.1243032625447,2
5.15545533050204,2
7.52564955289237,2
0.547363458499809,2
2.61985661201866,2
2.57422119661437,2
-0.574026814508346,2
3.3508337173784,2
1.99100612981602,2
1.77753181228803,2
5.36371315520551,2
4.31893614643043,2
1.5455611931389,2
4.735164130571,2
2.26081897789778,2
1.76158528637932,2
2.96862148240557,2
0.969675929051203,2
2.18969474948423,2
1.96646017966698,2
2.43413716243597,2
2.75828270029545,2
6.94740476998381,2
4.54314453732264,2
2.01802721017854,2
4.88210553069931,2
4.6470405278048,2
4.90740372295974,2
3.09913258266284,2
0.31381490654718,2
4.24112111367017,2
3.72898865588834,2
1.00568621438675,2
6.74448681370717,2
2.30703168519417,2
4.66954070795346,2
0.96771276785627,2
5.81444673701148,2
2.46046889163268,2
1.9382698712948,2
4.70154708973845,2
2.53156507742496,2
6.40576665039268,2
6.67058897461859,2
3.24265027318097,2
7.96032752526667,2
1.80457920020216,2
1.32568759910401,2
0.447634212955788,2
0.5180649032772,2
3.84331030562734,2
2.17543063225058,2
4.52153509080558,2
3.61145313113675,2
1.73486159625966,2
2.10980357472396,2
1.28707918377942,2
3.41974951050262,2
2.52225385754866,2
4.65457294805538,2
-3.05693306228284,2
6.658657000946,2
0.751811053813508,2
4.65670015257028,2
-0.714572936937407,2
4.3206143845796,2
0.585214118919593,2
7.68138756891123,2
3.07271930043378,2
3.19947318444737,2
1.4105103475584,2
2.2357508117304,2
3.06644897183198,2
3.04759116008601,2
2.65318533935611,2
0.332920024813443,2
0.65935285484899,2
3.86413278924147,2
3.85609037165092,2
1.31341961243251,2
6.45919298898526,2
3.04850872801186,2
5.92719135081362,2
1.60597686150507,2
6.20470247517574,2
3.51528212305623,2
4.30841679439155,2
0.448502879659807,2
3.16905410949262,2
6.76086643394644,2
3.04796372193243,2
3.16362065197622,2
4.88250590018759,2
4.40957983848809,2
2.8251794240733,2
3.59859866950201,2
4.47939732236618,2
3.01233050542483,2
0.958934880465095,2
5.27863845659496,2
3.45527731676023,2
3.13847786556737,2
5.27441468619077,2
-0.571876608168903,2
5.41864182666643,2
3.34151647008082,2
4.0103975225125,2
4.90925129778012,2
-0.187531557920704,2
6.85435683284376,2
2.73080165600924,2
-1.54388360218527,2
-0.28303733225361,2
5.54544844708067,2
3.36020867083773,2
2.89215531146036,2
3.62261737439234,2
1.04795402136141,2
3.73005125832499,2
1.97971548713303,2
3.52312139489593,2
6.20099786122162,2
4.26290045646775,2
5.80824383163547,2
5.35651559789951,2
3.20057923366036,2
2.65865213355869,2
4.42182727297225,2
0.664177982843532,2
2.74025844961214,2
4.0832494308431,2
4.11352635468595,2
1.78304088731197,2
3.45571086684426,2
3.01514385281553,2
0.68674236919253,2
1.16618574149401,2
2.13256280508762,2
5.13656097443609,2
4.45001141081718,2
5.64862275754887,2
7.26415978058864,1
7.10083656430527,1
7.0095134514944,1
7.06175631445188,1
7.39213442233962,1
7.08057965369451,1
7.30722255103119,1
6.98986966012549,1
6.37276232371554,1
6.90518221611027,1
7.03988084119994,1
6.80049137401297,1
6.98597458475092,1
6.54872673981987,1
6.79800191522344,1
6.75987750916506,1
6.93153850006654,1
7.13804234989738,1
7.16993061632934,1
7.31399770647299,1
7.3025623264564,1
6.86931209942386,1
7.46042381899683,1
7.02800385452045,1
6.70349520654979,1
6.71709291814372,1
6.71319443429645,1
6.61406201505731,1
7.3887677878414,1
6.92116015367694,1
7.30375134193291,1
6.84595170625064,1
7.42859744010787,1
7.10417225867367,1
6.71664768411383,1
7.23936098833492,1
7.1811556722524,1
6.53216982906245,1
6.58128845779747,1
7.04160804626789,1
6.78935832225655,1
6.84385320172645,1
7.2292349260966,1
7.0895590157488,1
7.31581935377515,1
7.08873323772327,1
7.43761350133176,1
6.8943436942861,1
7.04237969564633,1
6.98086268720781,1
7.03983512982508,1
6.67250205581944,1
7.20863497470112,1
6.80836633111081,1
6.69651178522775,1
7.76889249713356,1
6.68904693737125,1
6.31114529899467,1
6.91249787794733,1
6.73646991843068,1
7.54257199465977,1
7.15245954194065,1
7.08278718769282,1
6.87857179063753,1
6.98250505757685,1
6.45720215578323,1
6.80271931911415,1
7.33024733774247,1
6.6399190561397,1
6.76675426826287,1
7.15337191619903,1
7.09538870558298,1
7.23509301195036,1
7.2791300734413,1
6.90117701979693,1
7.71192919360601,1
6.95894139001118,1
7.26581220315847,1
6.95951698846161,1
7.07781407800778,1
6.56399464592967,1
7.11160987930287,1
6.9112407848219,1
6.55688769692727,1
7.08362119824636,1
6.30517726767613,1
7.11536173280168,1
7.30506673074152,1
6.81457516761327,1
7.12856032613285,1
7.09530853881069,1
6.79987197739025,1
7.02588078842612,1
6.64442522883448,1
7.20615609533539,1
7.29295179450161,1
6.99124228459653,1
6.84127863369729,1
7.59624458240194,1
6.48160342557957,1
7.43110924468774,1
7.26665199484106,1
7.33806508614587,1
7.39285733249706,1
6.24656556962741,1
7.14112837842006,1
7.01162870893155,1
7.01148197081014,1
6.78261192000598,1
6.51330226917039,1
6.710066593778,1
7.111737082769,1
7.01790256160589,1
7.17675084317971,1
7.23452767288302,1
6.66668457293074,1
6.99550953715271,1
7.15144428917304,1
6.7521859394928,1
7.43831951872023,1
7.26353236834382,1
6.88641985868542,1
7.02764550368678,1
7.18625161872696,1
6.80365718432773,1
6.43419447253751,1
7.1288539512604,1
7.02118071786817,1
6.63685098264583,1
7.40934688735235,1
7.15724724485551,1
6.98475006647322,1
7.1708927704207,1
7.02964123914051,1
6.81687151109764,1
6.48593895607982,1
6.87141674844708,1
7.10417045617214,1
6.70451869895709,1
6.69473037976135,1
7.40593785672842,1
7.20455586380427,1
7.21662744379187,1
6.35543303176596,1
6.8347150639957,1
7.36399735221712,1
7.1017557239203,1
6.38662827594455,1
7.26628524850232,1
7.02680102659496,1
7.3157735861892,1
6.47605752449006,1
7.27173859560184,1
6.87192096718744,1
7.13291518908864,1
6.40112752180381,1
7.15903585051549,1
6.28395521893124,1
7.09555407510062,1
7.0016989654775,1
7.0191063430585,1
7.25830867212139,1
6.87936864309891,1
6.87698966122131,1
7.05850612563615,1
7.41823905432184,1
6.85967412207081,1
6.78624995905452,1
6.56656876734765,1
7.47927466720015,1
7.21502224741743,1
7.12569044840206,1
7.43194233930055,1
7.06807227402981,1
6.79451443555743,1
6.88841248253512,1
7.20024711607405,1
7.58918342758005,1
7.21218969827294,1
6.92163126929187,1
6.99806520037837,1
7.12702120753871,1
6.91291487932359,1
6.53596818273074,1
6.77706625446043,1
6.78967738855123,1
6.67670200740609,1
6.84205090014765,1
7.01706212379364,1
6.70886696749468,1
6.91039498111561,1
7.26199135963454,1
7.15037931253788,1
7.13396780309864,1
6.95327039889187,1
7.15014698851356,1
6.78771255054057,1
6.96221793731837,1
6.31630812446535,1
7.09538459992311,1
6.3982230874213,1
6.77398578902764,1
7.39288341680731,1
7.50141392766697,1
7.46892774348634,1
6.67275028013372,1
6.77095668922055,1
6.9585944046525,1
7.01262092612767,1
6.97075314563684,1
7.2329469372398,1
7.00341440162936,1
7.31099893665049,1
7.11256205842743,1
7.08136068871553,1
6.85849813180498,1
7.13675969263298,1
7.26842718932103,1
7.40814065393753,1
7.17139709239456,1
6.53254060002968,1
7.55511469691188,1
6.83328690773765,1
7.21151201309683,1
6.14781662681307,1
7.73904220786151,1
6.65009816289004,1
6.78886822687127,1
6.89869896441061,1
7.09182280437452,1
6.68228110140898,1
7.29709153956023,1
6.39215092453281,1
6.99164938601239,1
7.03172017658485,1
6.90741235449115,1
6.45411912465881,1
7.0979607813742,1
6.71333508493549,1
7.19690473772325,1
6.92878938128873,1
7.24417224320933,1
7.21492729403089,1
7.07791202450102,1
7.07302793561827,1
6.92659984227471,1
7.20945445469502,1
6.73029942144089,1
6.95699095614524,1
6.96499021713124,1
6.87172008884947,1
6.87648889500413,1
6.83316247042945,1
7.16171007135506,1
7.43696807160343,1
7.33272166273348,1
6.60607216004615,1
7.03947125646599,1
7.11825856495089,1
6.7418079792543,1
6.95228534029781,1
7.2031265800096,1
6.70956328553225,1
6.99053535319235,1
7.27536944401532,1
6.97037664503763,1
7.31790732713983,1
7.13927801841144,1
6.79803357449542,1
7.44284052191427,1
7.05690902480267,1
6.58498007915777,1
6.76453571116015,1
6.69505693870103,1
6.30496943546756,1
6.96658611538944,1
7.06718931841347,1
7.14803694958345,1
7.14039737388741,1
7.13539330486282,1
6.7695445108434,1
6.66817260010219,1
7.0985805848035,1
6.80381907786047,1
7.03727086788676,1
6.8262465248599,1
6.92871676560942,1
7.31953149075501,1
6.81692873644935,1
6.23927168513691,1
6.88367370784592,1
7.05385547979299,1
7.33487785155776,1
6.90282588070441,1
6.99598829065727,1
7.15711092361087,1
7.18501744990136,1
7.32839209449752,1
6.73460628689585,1
7.16469752213423,1
6.82589164872411,1
7.03143981253453,1
7.39111622544995,1
6.84838858839834,1
7.45998836096513,1
6.98750753468203,1
6.8267832941869,1
7.20549532435083,1
6.69930070761663,1
6.8636925922478,1
6.89617688356523,1
6.73817610495709,1
7.18935742895558,1
7.29280437557541,1
6.80247720018952,1
7.23495105979355,1
6.69219923859037,1
7.16677452031688,1
6.74287432926223,1
6.74131215214744,1
7.31255130509461,1
6.87757838213895,1
6.64827219886567,1
7.01425207895848,1
6.70096027007956,1
6.44685592732279,1
6.90300943628937,1
6.47779550853464,1
6.95234888994842,1
6.28142966509523,1
6.76939560997713,1
6.89417693250155,1
6.89833400712458,1
7.02458901712496,1
6.63824784753533,1
7.04225643530755,1
7.05206579936972,1
6.78724691404497,1
8.07415322441699,1
7.35583540701505,1
7.27753850673373,1
7.00417259396368,1
6.4409299169086,1
6.74244104391491,1
6.81969925960314,1
7.07577879832162,1
6.75764692249102,1
7.0661510842929,1
7.24208244693905,1
6.90365151011024,1
6.61816171129212,1
7.0451454402443,1
7.11259993621513,1
6.57390022211963,1
7.36065124196036,1
6.98773095139232,1
6.79092598642231,1
6.86220996688747,1
7.27592880513103,1
7.00015117200199,1
6.96178522244488,1
6.79999568547557,1
7.09088463295998,1
6.68995137702023,1
7.06111823772365,1
8.02264180739362,1
6.97824590509741,1
6.81324053023143,1
7.24138066618551,1
6.78195779167077,1
6.81356908409162,1
6.92598503098855,1
6.96113331162954,1
7.06583940773445,1
7.1495955926604,1
7.03061771297694,1
6.72826762693623,1
6.89967445283548,1
6.9142868478566,1
6.90969655272476,1
7.41461128835221,1
7.71460563829599,1
6.81768761541366,1
7.02184740722559,1
7.12980726093066,1
7.40159980183665,1
7.05651159523054,1
6.95574776090382,1
7.13321557820121,1
6.60022085883664,1
7.07366265316738,1
6.87468255488425,1
6.49078132866831,1
6.81556547984973,1
6.91147469730333,1
6.96969147896802,1
6.81301654806571,1
7.20262020315487,1
7.04815946809727,1
6.61957220678703,1
6.59300826796033,1
7.25067760265028,1
7.19090996634536,1
6.76057373431294,1
6.70054739100801,1
6.92336631326986,1
6.96217772513525,1
7.01919220450101,1
7.45022840979573,1
7.42895110559887,1
6.78132273934913,1
7.2312117139193,1
7.2711515655598,1
7.26178740391059,1
7.18913720021319,1
7.13638304971596,1
6.89754946791963,1
6.80517197708258,1
7.08422329606183,1
7.19073572920626,1
7.19806485019572,1
6.55250516929948,1
6.86537377918748,1
7.1395851231608,1
6.99858161654153,1
6.89111797995483,1
6.93025262368469,1
6.73256887719755,1
7.32132018999108,1
6.92506748820066,1
6.67197852136231,1
7.04642193147301,1
6.70843929008694,1
7.06363145518523,1
6.93978682111413,1
7.26320238450193,1
6.58824290225761,1
6.96481793292776,1
7.07268248893692,1
6.76486999370478,1
6.9982378267271,1
7.1639779069291,1
6.65519046970385,1
7.15374952342443,1
7.40761444219603,1
7.01078897055394,1
6.45852146704922,1
6.88762239879726,1
7.50204608086393,1
6.77600730675478,1
7.30829918644596,1
6.89323223182027,1
6.75910464933378,1
7.01646276745757,1
6.90070631540491,1
7.23832708918253,1
6.90210497237324,1
6.57264017407965,1
6.87447718986623,1
6.64222256849801,1
7.46846078143096,1
7.20481246467674,1
7.16701295758413,1
7.31752570731968,1
7.01557735751731,1
6.887845296121,1
6.36917240774469,1
7.40821502993089,1
6.87669949871444,1
7.13178379556236,1
6.98574919860488,1
7.13617375752625,1
6.93351480893171,1
6.79622112932076,1
7.20538294152844,1
7.428489110092,1
6.62241816957342,1
7.50884578783202,1
7.56634615198837,1
7.22363547816168,1
7.29312858478567,1
6.73089892055551,1
7.2212026865698,1
7.11816486683069,1
7.39260062798682,1
7.33227704794274,1
6.99409303924191,1
7.17584024520592,1
7.21745357370397,1
6.74024047200994,1
7.23703134382465,1
6.95599224851598,1
7.02052523671453,1
7.27967072678017,1
7.14849400524831,1
7.38349920620122,1
6.81400009551487,1
6.84102059553129,1
6.89495530406259,1
6.94264517663936,1
7.04913829812885,1
6.78791693712634,1
7.6888984494342,1
7.12828490869378,1
7.48354394527534,1
6.80463330730831,1
6.71399389723342,1
6.68843131908564,1
7.16605405676377,1
7.14602525233841,1
6.75105342901467,1
6.41164377875682,1
6.59148322666653,1
7.00591102409826,1
7.22171957633509,1
7.5220173497697,1
7.2067479074232,1
7.2242821554302,1
6.94516491753645,1
6.78668918807297,1
6.41486302486156,1
7.11328951538172,1
6.6035899343998,1
6.20943919425506,1
7.36091223759893,1
6.97598355675275,1
7.12085159309161,1
6.65518999783619,1
6.93568062154729,1
7.03825271729981,1
7.67160283604343,1
7.19869720135646,1
6.78629535172107,1
6.91103063190778,1
6.66402143795306,1
7.32614966213806,1
6.88178848023288,1
7.40068704168159,1
6.91210101080171,1
6.96765825679728,1
6.67350042470492,1
6.75696205037124,1
7.33209369547811,1
7.30707690154031,1
6.97745476880564,1
7.35095813153545,1
7.07920314524888,1
6.59080727449445,1
6.7217101890457,1
6.76662813287184,1
6.89080295677818,1
7.06078038420109,1
7.05498984087436,1
6.80438412460283,1
7.09404824672507,1
6.69035172097738,1
7.09449788316473,1
6.43776699432748,1
6.95304287971277,1
7.27310451348326,1
7.04336255646505,1
7.4175805782326,1
6.92293312818771,1
7.05810337407204,1
6.8651667365067,1
6.91902387018561,1
7.20700934205326,1
7.11608017220538,1
6.54163302606803,1
6.97273943541174,1
7.15297369217359,1
6.85196474649291,1
6.69532785081238,1
7.06519753468221,1
7.21098933183534,1
7.29793054318159,1
7.74375224541779,1
7.33319283010808,1
7.1444551614688,1
7.17092435986383,1
7.24568112072998,1
7.1825737543498,1
6.91797936644365,1
6.47681616009191,1
7.00560676435742,1
6.55499574285446,1
6.94526712617547,1
6.84721795438759,1
6.94828535270096,1
7.478953830993,1
7.35862698384073,1
7.59130264571587,1
6.87551437857401,1
6.46114119644228,1
7.38900184301935,1
7.14339652186008,1
7.0544477938411,1
6.6174124182167,1
7.02344253650749,1
6.73692091070944,1
6.9425892889317,1
6.7752618738348,1
6.84064461107857,1
7.49107038724016,1
7.59548543837096,1
6.83909279322393,1
6.84195735385878,1
7.20943903510528,1
7.24064875007477,1
6.52599780254016,1
6.76605036464443,1
6.65695696719709,1
7.13889310370533,1
7.38568356928203,1
6.88725760973665,1
7.1823431860174,1
6.77752072803656,1
6.86537860963689,1
7.38347149753619,1
7.05983126108726,1
7.16696972168497,1
7.26412822046489,1
6.68084235650471,1
7.25280384694052,1
6.77307208153298,1
7.29443208488774,1
7.26786932452692,1
7.40436101205984,1
7.13146666493612,1
7.23032075430011,1
6.86998229099673,1
6.55714818265173,1
6.84699307560893,1
7.20682509509891,1
6.86270286738824,1
7.03698172213663,1
7.32215284135644,1
7.47188639687826,1
6.97686560562571,1
6.75042375133973,1
6.78726583798579,1
7.56519490129929,1
6.44557379351907,1
7.06242393748929,1
6.90299331355989,1
6.97309091056513,1
6.46668933959665,1
6.56013851334358,1
7.47506235820425,1
6.47357585331767,1
7.45479769841283,1
6.90606854763377,1
6.92713576199999,1
6.88966196903658,1
6.72306081367913,1
7.21055242625731,1
6.89787547550375,1
7.11461824528263,1
7.28825360096844,1
7.1022177282262,1
6.99064582298954,1
7.39017383619519,1
6.64696031871494,1
6.70708325818188,1
6.94490251106416,1
6.44605558537049,1
7.17781085084126,1
6.82523048581678,1
6.89765800536949,1
6.8281767440582,1
7.59621810951301,1
6.81754500289104,1
6.99516852861189,1
6.85024514767513,1
7.04878655287504,1
7.013886379895,1
7.22144594222643,1
6.6429947564196,1
6.89600381896944,1
6.45514718447048,1
7.07926990737196,1
7.28130656856662,1
7.12253988969026,1
6.74883940646589,1
7.15404276447965,1
6.84091291402401,1
6.95176556744268,1
7.14589572317013,1
6.51117601555059,1
6.73280477760254,1
6.86610601881635,1
7.07960222958329,1
6.93230368411875,1
6.95256722133692,1
6.85511385013322,1
7.54913998819514,1
7.09612514790818,1
6.70891276366369,1
7.12547429149056,1
6.35933874443925,1
7.27311863259853,1
6.35233665056211,1
7.17920627431504,1
6.49644000534129,1
6.93447445940223,1
6.60604619944842,1
7.06828242857577,1
6.79819112082159,1
6.8665694228318,1
7.51815256569019,1
6.69669817699977,1
7.25467731862937,1
6.76997687914057,1
6.87982634188603,1
7.38101306039438,1
7.14346462655344,1
7.13283090953805,1
7.34626971153293,1
6.82356771105972,1
6.9500116748169,1
7.11890115158686,1
7.06765379769096,1
7.27510408486125,1
6.47210629876033,1
6.72772928267805,1
6.62161315236547,1
6.53598147256039,1
7.17641854308077,1
6.86719330347579,1
6.68310910270609,1
6.94003842952424,1
6.47842081326792,1
6.63301110761891,1
7.09371916216583,1
6.48095386389102,1
7.45113456431899,1
6.60553771246055,1
6.98347562063292,1
6.78254263895836,1
6.94902475104428,1
7.12358669303053,1
7.36700926223043,1
7.36458214128219,1
6.87212583089865,1
6.94613964708277,1
7.07331013289498,1
7.49784430870247,1
7.26984369134842,1
6.50832870700425,1
6.77994525988256,1
6.66240856344193,1
6.71789462629784,1
7.21491674788315,1
6.85916162592294,1
7.48000410561908,1
7.15775671242831,1
7.0963565483846,1
7.62857888277393,1
6.88296158766739,1
7.1106442885254,1
7.18367498619742,1
6.80704340632559,1
7.05602475619209,1
6.57464855029674,1
7.31006892713815,1
7.56947460274463,1
7.09239789282857,1
6.34349347003812,1
7.56445118645822,1
6.61598613001572,1
6.61919075094628,1
6.74154810364577,1
6.91928474441943,1
6.58344960793424,1
7.91469449940607,1
6.72043882681718,1
7.26536824642821,1
7.20541672135464,1
6.74602003166204,1
6.72397293301345,1
7.50458117722478,1
7.21749625000515,1
6.66963585104538,1
6.91599626158402,1
6.96615028118583,1
7.19132293213117,1
7.29309164682114,1
7.30087944359698,1
7.29252531042029,1
7.08932105430803,1
7.50476646992801,1
6.74759974040176,1
7.62455341979904,1
7.20374751509901,1
7.43758570081837,1
6.93361779932489,1
6.76786559280515,1
7.16158009169842,1
7.14297670808313,1
7.14701187060279,1
7.06174969413634,1
7.20406998967764,1
7.14999638538882,1
6.76910879355353,1
6.58994339594487,1
7.13755428290336,1
7.05170550570419,1
7.14865943597738,1
6.55483881138946,1
6.80599589485873,1
7.05995929692856,1
7.40345892635046,1
6.64066197240518,1
7.03932656358745,1
7.06580098730445,1
7.08568989113333,1
6.75681546540511,1
6.75497877764564,1
6.83545693538691,1
7.02061144353779,1
7.1459874512549,1
7.62047327952672,1
6.52046495143162,1
7.29735356335382,1
7.31298071672505,1
6.96976184103744,1
6.71567487668058,1
6.89601678042384,1
6.89912106128314,1
7.17345183723156,1
7.07323426752019,1
7.21488520715555,1
6.97600737527773,1
7.17573704593633,1
6.9707328494541,1
7.53776058182613,1
6.78854057672746,1
7.2198872825886,1
7.67665055619372,1
6.82561159036884,1
7.02118319580178,1
7.23076121147979,1
7.0271121358248,1
7.28620499159316,1
7.08884574237923,1
7.41011415650815,1
6.93512442830409,1
6.48152237865294,1
7.2367979720661,1
6.89194124800493,1
7.01414096358022,1
7.18934052726071,1
6.4181006109794,1
6.89221705160604,1
7.17624534396389,1
6.31580852747033,1
6.66493987955397,1
6.75505420652751,1
6.85440204212496,1
7.19950569174185,1
6.60150616642896,1
6.96215230436159,1
7.18987427572501,1
7.14099370234647,1
7.01905472357591,1
7.16687361985525,1
7.47267423176294,1
7.0376899364767,1
7.48767944816382,1
7.5399365466741,1
6.85559007418747,1
6.882238774184,1
7.18222285876887,1
6.77453012639104,1
6.50338924134176,1
7.08152091757102,1
7.13063070004799,1
7.05916238044986,1
6.71139911549938,1
6.88233989306232,1
7.30909598187984,1
7.05399492187514,1
6.94201935329187,1
6.82778229767744,1
6.89104572823444,1
7.00892236476156,1
7.09123323601874,1
6.78936940886392,1
6.70126481219755,1
7.01314888767376,1
7.04891229846812,1
7.01025257998791,1
6.81527450583828,1
6.50200347259859,1
6.94848281965188,1
7.2597255354484,1
7.54322163228592,1
7.15500903182252,1
7.10082198019016,1
7.13884359346551,1
7.03240896039258,1
6.75625940038362,1
6.8171316142293,1
6.65564106139769,1
6.95628161025964,1
7.05520715361653,1
7.25216585825474,1
6.87741736978289,1
6.71240849494937,1
7.0980447256639,1
6.56908768489272,1
6.68710859968778,1
6.51842709776902,1
7.01770876287659,1
7.09812685124723,1
6.69741744905126,1
6.92992451035487,1
7.19437422282474,1
7.06979879269871,1
6.91657083216229,1
7.01895022687226,1
6.94882104087162,1
6.61515614302537,1
7.15206930228685,1
7.23280073890991,1
7.07590589778126,1
7.10544361878107,1
7.1185589596351,1
7.10272493695091,1
6.86365303715985,1
7.12011881601598,1
7.14857976673459,1
7.4130657311004,1
6.49277328469834,1
6.5404248780365,1
7.19668306627382,1
7.33984048915323,1
7.09485812283685,1
6.64075935251581,1
6.82829840959736,1
7.30410610059559,1
7.36966516263473,1
7.212311091015,1
6.55840649355789,1
7.13577412881626,1
6.41705836664156,1
7.06786106249417,1
6.96392456357764,1
7.22756768588024,1
6.96163692489704,1
6.6892666410302,1
6.90978051592885,1
6.96320635123464,1
6.55095360515427,1
7.09236948738048,1
6.7353625866574,1
7.33438681547751,1
7.14589136746697,1
6.85014453517714,1
6.66554720978785,1
6.49537618429399,1
7.26830971822425,1
7.39506066110968,1
7.08002979134254,1
6.82303111125868,1
7.14288739226802,1
7.01613614997892,1
7.08201152046602,1
7.5177454976233,1
6.93905491132871,1
7.03519215716686,1
6.64765187125472,1
6.78334920525381,1
7.30831343752993,1
6.83516329602779,1
6.44646154847107,1
7.16880251085521,1
7.17292186698743,1
7.15544698349533,1
7.24818261612421,1
6.79941845791852,1
7.10735654211248,1
6.92423593939603,1
7.13134569331452,1
6.73735936131914,1
7.08007013554692,1
6.93785384948314,1
7.58263085825996,1
6.96463567947473,1
7.12636730175953,1
7.13795259817307,1
6.84947651511807,1
7.35523362584419,1
7.12233587078869,1
7.30838740484079,1
6.79676822527626,1
6.75734282224212,1
7.1627463163241,1
7.20544622383756,1
7.18499753297039,1
7.29431465939147,1
7.02185953444781,1
6.96750710831068,1
6.68543209878717,1
7.02772565346222,1
7.16940426901441,1
7.37618381935901,1
6.78169731150799,1
7.14463869996239,1
7.22301914503918,1
7.32907455509405,1
6.9602701954537,1
6.67576138460657,1
6.87443097798551,1
6.7627627396687,1
6.99472172478814,1
6.50780106316309,1
6.80211507646293,1
6.82263962377311,1
7.23062860069753,1
7.29374433449085,1
7.15723809437778,1
6.8027969663599,1
6.82525375543579,1
6.48602600585837,1
7.39702670615166,1
6.44671760599424,1
7.24878523263317,1
6.65693050911498,1
7.01589534329416,1
6.93053776185891,1
7.23627804735599,1
7.41945111551316,1
6.92343260234841,1
7.39895697077233,1
6.57078510557742,1
6.59588910206595,1
7.19511684525691,1
7.16335561166513,1
7.04559810327787,1
6.50658935380098,1
7.23188500778223,1
7.36626750985453,1
7.04581934391066,1
6.94876050831322,1
6.68759457113547,1
6.93623521928203,1
7.31095816785595,1
7.02617368672272,1
6.99685456166532,1
7.16923134046141,1
6.7699751209828,1
6.88327804650149,1
6.62632649132456,1
6.52288826834672,1
6.89325227386104,1
7.26253654986123,1
6.87530210082346,1
7.26697881948108,1
6.74777436507036,1
6.96757411208818,1
6.77741633792588,1
7.13561455189448,1
7.17045171439679,1
6.83746379000696,1
6.74288222403493,1
6.13262585651285,1
6.557377397148,1
7.26003487912577,1
7.60438835528435,1
7.12331801534313,1
7.01131882132498,1
7.16055455750043,1
6.50254558156352,1
7.31709765572847,1
7.05488373414034,1
6.74811984782026,1
7.00117013433948,1
7.01945950482554,1
7.03038477448365,1
7.28631783119161,1
7.03739454134419,1
7.03544047463168,1
7.43381485015859,1
6.31877611083285,1
7.11818835940809,1
6.56935913219101,1
7.06748600541303,1
7.46913507872273,1
6.49077473119336,1
7.03329520195097,1
6.76796315741075,1
7.24960637481246,1
7.09484388916953,1
6.63845048511449,1
7.18367840618113,1
7.24007366893868,1
6.71506512026363,1
6.82401886904614,1
7.42005280752258,1
6.89503089939633,1
7.26796310747554,1
7.44913127827274,1
7.2812116428014,1
7.42121173303161,1
6.86542990675092,1
7.2676762558315,1
7.45594193600946,1
7.34776528474201,1
7.54434989428243,1
6.48957909313698,1
7.24051137248207,1
7.05660147561204,1
7.07198659321926,1
7.34909518603201,1
7.00339270350548,1
7.18697855791037,1
6.73556123965836,1
7.05348954365592,1
7.17204920204083,1
7.01231341471508,1
6.86475751547802,1
7.29847777729557,1
7.47519158000529,1
7.14003203959784,1
6.64435631616309,1
7.00806414582142,1
6.96980220186833,1
6.23971470654402,1
6.91417810501417,1
7.18953860356724,1
7.21189422680901,1
6.39433117090396,1
6.91819481818947,1
7.2457876962678,1
6.81008924170004,1
7.20526630837086,1
6.68915818102262,1
7.28453200090391,1
7.42273853048579,1
7.24410099308218,1
6.94653967762904,1
6.98643382844019,1
6.80812423193157,1
6.86850877311198,1
7.18693014024565,1
7.02467811937742,1
7.04519826294325,1
7.25984828091633,1
7.17459434868721,1
7.06891797025469,1
7.29587309554298,1
7.01979988629347,1
6.61323674262048,1
6.97250789604963,1
7.56246980524039,1
6.93120171250163,1
6.64699604947551,1
7.05785929117071,1
6.86607715899777,1
7.25308275912804,1
7.36082913003289,1
6.9736104175777,1
7.29682226909661,1
6.8988735097668,1
6.84822104348604,1
6.56596329037519,1
6.86349863085936,1
7.42409492221791,1
7.08401672693779,1
6.80416828146997,1
6.81829974107283,1
6.85729675333563,1
7.26143538782452,1
7.00400308475256,1
7.0563110295894,1
7.04968183527297,1
6.96644801893134,1
6.50734331751837,1
7.40941973653193,1
6.52430050537763,1
6.21086006078925,1
6.86573713178644,1
7.21740688944986,1
6.99048646306481,1
6.921006195534,1
6.95357415493273,1
7.11686738540575,1
7.11911435444764,1
7.2345263690894,1
6.77301656862391,1
6.71595688141218,1
7.24760559421042,1
6.9064080153007,1
6.78962396224891,1
6.6550987430923,1
6.68905280354699,1
6.88599039057188,1
7.17052919699134,1
6.67088083927641,1
7.45745753930085,1
7.44675132076147,1
7.37376022006978,1
7.03136280026667,1
6.87220299390367,1
7.31528022196093,1
7.00659263329804,1
7.08461857166322,1
7.31984482181697,1
6.46711089345929,1
7.34761681137017,1
6.84680532432076,1
6.48379333192748,1
6.91923139260807,1
6.72355294924741,1
6.73749696328289,1
6.71242156818496,1
7.18465150199521,1
6.77647418836822,1
6.82841069823298,1
7.04334808873312,1
6.58852276971136,1
7.26648458634788,1
6.206193329614,1
6.88341464792073,1
6.81938316740363,1
7.21316131346621,1
7.12205946723498,1
7.17850564291927,1
6.84860489508442,1
7.55662886183325,1
6.85750362560454,1
7.00103834711056,1
6.79151383436183,1
7.38256015955892,1
6.7134430362185,1
6.57072460672251,1
6.90633352727578,1
7.61716630342245,1
6.91989081898317,1
6.77449787611725,1
7.00321861481525,1
7.06767060817973,1
6.91191828779787,1
7.14477683869666,1
6.53752717857723,1
6.57019598982414,1
5.93326332269896,1
7.02423705917784,1
7.43288157431023,1
7.07143480973714,1
7.03681631991978,1
7.25360003643356,1
6.89755118140546,1
6.81771147332231,1
7.08118022930834,1
7.21771791159765,1
7.31805721097563,1
6.66576357084105,1
6.9280814819786,1
6.43545977842223,1
6.94198186334411,1
6.77141365327181,1
7.12818782852426,1
7.13580242708495,1
7.29246674395048,1
7.40108050447358,1
7.44377131864895,1
6.40097681908531,1
7.01087615296491,1
6.61579936996357,1
7.22048363973867,1
6.8179486640657,1
6.80779524162368,1
6.82809116690783,1
6.72535111726077,1
6.88958384417577,1
7.32637181708553,1
7.22778888742147,1
7.03149262787374,1
6.92212601717456,1
6.06658536127952,1
6.81179339143244,1
7.1055849191606,1
7.12350461584811,1
7.09048964087013,1
6.67925751436103,1
6.97118585557052,1
6.78244837149346,1
7.36066652038088,1
7.4178259381949,1
7.26590241970404,1
6.95941561052213,1
7.19216251850721,1
6.73494729511899,1
7.42046674151529,1
7.2317909114891,1
6.88424890475394,1
7.18955910201808,1
6.97870724643577,1
7.18144784890098,1
6.79105649580222,1
7.07349305853828,1
6.7955383317423,1
6.5986046916187,1
6.79421464387874,1
6.85407275026866,1
7.22756081427573,1
6.67867497399175,1
7.18794969874309,1
6.72452549590539,1
7.31694958501482,1
7.02590965497302,1
6.95662071021213,1
6.63909372629529,1
6.65742073172575,1
6.9337349080515,1
7.38125106515826,1
7.0174997182951,1
6.69653310920987,1
7.26724712629003,1
6.96864878936966,1
7.26066929879884,1
6.83342471019657,1
7.05684482742575,1
6.57817329010666,1
6.75186319235295,1
7.20898713622092,1
7.1599175390912,1
7.35925782596418,1
7.15184620377911,1
7.05390748440167,1
7.21887600940936,1
7.23955119268634,1
7.33892408257295,1
7.47470263349429,1
7.22690415629867,1
6.95373949249707,1
6.60175678452547,1
6.80125348160899,1
6.7537391712674,1
6.83100909550211,1
7.43951877497554,1
6.72448440119833,1
7.20055947457658,1
6.5547021254763,1
6.90951432401037,1
6.9750109603498,1
6.83124447580485,1
7.30402533983307,1
6.90010325552366,1
7.37157234336361,1
6.80009860911799,1
6.64374315769245,1
7.18210765968181,1
7.56832606880418,1
7.40150644050698,1
7.32260172306814,1
7.19467375241519,1
7.50516554335245,1
7.41203370244317,1
6.90545038907083,1
7.04305264722093,1
6.7350629652992,1
6.95411779837403,1
7.23772563778923,1
7.1223828366367,1
6.69522925887187,1
7.37574406411583,1
7.30145222704283,1
7.35260094013248,1
7.09497334020982,1
7.29144348835814,1
7.15389072433834,1
7.16526033166725,1
6.98121088901861,1
6.88941755482369,1
6.59035474768506,1
6.96328177798305,1
6.80551328131239,1
6.78092643571097,1
6.89226354751017,1
7.12416557303258,1
6.58888278797829,1
7.05438708854713,1
6.90385084543776,1
6.4808491841802,1
6.26644173697871,1
7.26827063767637,1
6.86828373564781,1
7.19866321015394,1
7.08275650680505,1
6.83458867975393,1
7.24616129032446,1
7.24559766454574,1
7.04793691183315,1
7.29808737351088,1
7.11409060395644,1
7.22196107904359,1
6.6530285871701,1
7.3224455172178,1
6.47732676760315,1
6.85335467050806,1
7.18345197681627,1
6.86201616472564,1
7.13977120463177,1
7.16999758050437,1
6.80995041883805,1
7.23469238601795,1
7.07994362392202,1
7.01297345080327,1
7.27871336679883,1
6.94581745783344,1
6.69557273861126,1
7.1824634944989,1
7.2212384307825,1
6.76271433494319,1
7.43663203851481,1
6.66419008951343,1
6.74118004960297,1
7.16090434462461,1
6.34994025841499,1
6.60155823442033,1
6.88440984949069,1
7.3533091832859,1
7.41628788509821,1
6.75052103962875,1
6.79785362390774,1
7.114017428993,1
7.28930025103325,1
7.77088039832134,1
7.10115771854134,1
7.2423540308189,1
6.87212646972342,1
6.70336721062493,1
7.03970097619557,1
7.07931612998897,1
6.75858008221845,1
7.35200478985908,1
7.42598493615823,1
7.12083491573483,1
7.41381264424976,1
6.84042726258564,1
6.59708828905166,1
6.6132723772239,1
7.12201593616564,1
6.89621323919531,1
7.13377695339944,1
7.32419476623144,1
7.16236751511472,1
7.18146555176204,1
6.49088980587788,1
6.84244311161362,1
6.93282373985408,1
7.46355672893526,1
7.05665864518361,1
6.5279617257455,1
7.4931434755324,1
7.14857934549547,1
7.00472677590413,1
6.85504414333793,1
7.36326077102606,1
6.74670597630437,1
7.65750339932995,1
6.9454487928853,1
6.70857468650395,1
6.59407116791626,1
6.90609778095646,1
7.01454520798345,1
6.88558953225261,1
6.78641645066881,1
7.17027739027871,1
6.76809539815616,1
7.08287915912298,1
6.92032453031311,1
7.19036200098546,1
6.53234679555396,1
7.28801078243613,1
6.69087077276581,1
6.7446408174937,1
7.30377081023106,1
7.51755662722889,1
6.87367865944462,1
7.06351070863145,1
6.64068493404149,1
6.51685448162257,1
7.35230535182269,1
7.22474218961957,1
6.98962595451962,1
6.84472678598803,1
6.62732999550161,1
6.83288057972816,1
7.44846835441536,1
6.92805356491137,1
7.17087173759099,1
7.02832672103425,1
6.59930326488008,1
6.48663057601124,1
7.31524559338306,1
7.06680678569459,1
